coding_hours,commits_per_day,lines_of_code,bugs_fixed,sleep_hours,distractions,task_completion_rate,meetings_per_day,break_time,focus_score,productivity_level
4.18,1.88,145,1.37,6.71,6.02,0.5769,2.73,35.7,60.93,Low
3.55,1.76,114,0.49,6.69,2.39,0.4513,2.08,21.5,50.76,Low
4.34,2.99,164,1.38,6.85,3.54,0.8531,0.89,40.15,50.35,Medium
6.68,4.76,250,2.79,7.85,2.65,0.8855,1.08,31.71,78.64,Medium
1.26,0.28,123,1.83,7.84,5.38,0.7012,2.41,36.32,31.59,Low
3.79,2.24,165,1.27,6.27,5.62,0.4035,3.89,26.09,39.95,Low
7.16,1.66,263,2.34,8.59,3.55,0.8073,1.04,20.69,53.7,Medium
4.55,2.52,148,2.81,6.76,3.8,0.5203,2.57,24.01,77.1,Medium
3.85,0.81,158,0.37,6.09,5.15,0.3251,1.81,23.35,40.64,Low
6.21,3.45,160,2.26,7.93,3.57,0.7987,1.95,46.39,79.81,Medium
1.14,1.33,111,0.4,7.51,4.78,0.3551,3.65,36.69,51.08,Low
2.15,0.0,131,0.97,7.45,6.88,0.5988,2.9,43.91,47.5,Low
3.56,1.38,177,1.1,6.07,3.67,0.4241,0.69,47.75,47.77,Low
0.0,0.0,41,0.0,5.67,9.14,0.012,2.0,15.09,10.84,Low
1.55,0.0,31,0.0,6.8,7.62,0.1209,3.77,19.49,29.36,Low
2.64,0.58,71,1.63,6.75,5.06,0.3812,2.31,23.08,40.85,Low
1.66,0.0,156,0.0,5.63,7.45,0.3897,1.16,18.22,21.41,Low
2.22,3.17,183,0.66,7.52,3.44,0.6079,1.09,13.16,39.55,Low
2.95,0.12,71,1.97,5.97,7.32,0.2768,2.98,25.31,26.79,Low
0.0,0.0,76,0.65,7.73,7.44,0.2042,3.42,10.08,47.03,Low
7.0,6.37,277,0.26,8.97,1.91,0.7612,1.58,36.99,94.12,Medium
3.88,0.24,148,0.37,7.37,6.13,0.3634,4.54,50.03,48.66,Low
5.77,0.25,255,0.0,8.12,5.72,0.4247,2.8,25.24,52.5,Medium
0.0,0.65,25,0.0,6.34,8.87,0.3178,2.18,24.82,25.27,Low
0.0,0.5,94,0.0,7.34,7.27,0.2083,1.35,36.34,32.49,Low
4.44,1.85,164,0.98,8.24,5.57,0.6839,0.99,33.36,65.42,Medium
3.86,0.0,101,0.0,6.62,5.04,0.2355,2.68,27.17,51.47,Low
6.24,2.3,120,1.35,6.98,8.11,0.4979,1.4,28.25,46.7,Medium
3.05,2.7,23,0.0,5.34,3.8,0.4538,3.85,24.68,40.16,Low
2.83,2.36,103,0.83,6.79,6.86,0.5902,3.55,18.94,41.13,Low
3.77,1.96,37,0.19,7.36,6.55,0.4914,2.81,35.45,36.77,Low
6.54,3.36,281,3.68,8.68,0.46,0.9206,0.27,21.85,89.64,Medium
4.54,0.83,169,2.12,7.4,4.83,0.606,1.33,39.64,36.68,Medium
2.49,0.0,30,0.78,6.04,6.47,0.1168,3.57,10.67,38.8,Low
6.92,2.42,159,1.4,5.83,5.72,0.6123,1.19,43.74,69.62,Medium
4.87,1.13,55,1.61,5.99,5.76,0.1647,3.49,20.36,30.27,Low
4.89,2.83,201,0.0,6.86,4.29,0.6642,2.41,18.73,62.06,Medium
0.0,0.0,10,0.0,5.77,4.44,0.0697,2.64,25.99,22.08,Low
1.31,0.0,77,0.0,6.83,9.59,0.3189,1.7,32.65,42.25,Low
2.27,1.61,198,2.96,8.69,3.1,0.593,1.85,26.6,37.73,Medium
4.64,3.31,247,1.43,7.47,4.38,0.5615,1.97,40.9,57.59,Medium
3.85,3.02,212,0.99,6.91,4.59,0.4756,2.98,8.01,51.85,Medium
3.14,0.21,229,0.0,6.73,5.03,0.6063,1.15,16.22,21.54,Low
3.58,1.85,112,1.52,6.95,6.67,0.3622,1.83,41.42,34.62,Low
0.06,0.71,36,0.58,5.6,9.72,0.2168,2.49,20.37,19.69,Low
3.91,0.51,76,1.06,6.74,6.46,0.2778,2.88,7.78,48.68,Low
3.08,2.01,113,0.13,7.13,6.67,0.3765,1.23,20.71,36.02,Low
6.1,6.4,296,1.28,7.7,3.91,0.7068,0.37,26.05,57.68,Medium
4.29,2.41,124,0.24,7.54,6.01,0.4904,2.57,30.06,63.33,Low
0.66,0.0,10,0.0,6.47,6.95,0.0513,1.01,17.48,7.38,Low
5.64,1.75,231,0.39,5.74,6.13,0.5934,3.19,33.41,34.15,Low
2.19,1.6,160,0.0,7.32,7.24,0.3385,1.96,27.38,40.61,Low
1.86,1.44,81,0.12,6.12,7.64,0.2835,0.66,40.21,25.37,Low
4.86,3.11,233,1.1,6.43,3.09,0.5284,1.34,37.3,45.08,Medium
4.45,2.53,246,1.39,6.63,3.2,0.6984,2.07,39.73,71.2,Medium
4.88,3.6,285,2.12,7.81,3.96,0.7806,1.19,46.31,72.73,Medium
1.75,2.2,86,0.39,6.4,4.2,0.4828,2.27,21.92,45.3,Low
4.43,1.98,166,0.52,5.5,7.86,0.3656,2.83,15.84,56.45,Low
4.98,3.46,282,1.41,7.55,4.48,0.7813,1.7,43.73,67.38,Medium
6.18,3.23,252,0.99,6.34,3.96,0.5946,0.77,36.24,43.35,Medium
4.06,2.03,114,0.7,6.87,4.85,0.5125,1.84,29.0,47.32,Low
3.46,2.0,164,0.97,7.1,3.29,0.3907,3.47,22.74,41.92,Low
2.26,0.0,47,0.0,7.16,5.75,0.1916,4.02,18.3,25.93,Low
1.48,0.52,150,0.84,7.83,7.12,0.1863,0.34,32.49,37.66,Low
5.94,2.23,222,0.94,6.31,4.79,0.6573,2.85,43.91,44.88,Medium
6.01,3.4,248,2.16,7.64,3.21,0.8292,1.84,44.62,52.83,Medium
0.93,2.08,111,1.87,6.74,5.63,0.5526,2.95,37.57,55.26,Low
5.85,3.8,274,2.54,7.85,2.99,0.6063,1.15,40.71,69.93,Medium
6.43,1.35,214,1.32,7.35,5.2,0.4734,0.12,33.12,56.79,Medium
3.82,2.09,78,0.19,6.4,8.19,0.2793,2.78,25.02,31.52,Low
5.88,3.11,202,2.05,6.83,5.52,0.5611,0.95,43.91,62.86,Medium
8.56,3.6,213,2.77,6.88,3.91,0.7866,0.15,33.95,79.87,Medium
4.03,0.41,155,0.48,7.77,5.49,0.3978,0.69,33.52,50.32,Low
7.37,4.2,293,1.62,8.15,0.4,0.8399,2.13,29.78,61.7,Medium
0.0,0.0,10,0.0,6.42,7.36,0.2023,2.93,10.31,6.45,Low
5.26,3.35,185,1.78,7.16,4.45,0.6139,2.54,31.75,70.71,Medium
4.91,1.77,106,1.0,6.52,4.85,0.4741,2.64,22.4,64.58,Low
4.85,0.0,90,1.67,5.99,6.11,0.4962,1.67,36.48,42.25,Low
4.02,1.75,104,1.36,7.33,7.38,0.4625,1.9,16.98,48.88,Low
0.0,0.0,44,0.48,5.17,9.07,0.1694,2.08,21.05,18.57,Low
3.56,2.3,194,0.27,8.37,7.22,0.3842,1.86,30.23,49.45,Low
5.44,1.84,191,2.2,6.13,4.61,0.7546,0.93,13.68,49.55,Medium
5.22,5.9,317,1.76,7.96,1.57,0.8301,1.95,32.98,43.23,Medium
0.21,0.0,114,1.21,7.99,5.69,0.3343,3.23,29.97,54.15,Low
1.72,2.1,82,0.0,7.08,5.01,0.2794,1.43,30.24,55.82,Low
1.53,1.02,97,0.79,6.89,8.09,0.3483,3.43,25.45,36.35,Low
5.22,4.23,211,0.14,6.68,4.81,0.8204,1.84,41.35,53.06,Medium
4.48,2.57,114,1.05,6.06,5.29,0.4389,2.14,30.55,53.56,Low
2.4,2.34,118,0.93,7.35,7.65,0.3273,0.46,27.49,40.18,Low
6.77,2.38,189,0.99,8.46,1.2,0.5465,0.04,35.08,67.65,Medium
4.59,1.05,188,0.24,6.7,5.74,0.5178,2.11,39.76,52.0,Low
6.3,4.87,231,2.45,6.57,1.58,0.6666,2.5,28.09,56.6,Medium
3.34,0.83,87,0.36,4.68,6.04,0.2105,1.54,21.62,26.29,Low
1.98,1.73,89,0.35,6.05,5.02,0.3945,3.77,21.67,53.74,Low
4.46,2.65,122,0.72,6.71,6.58,0.4116,2.85,24.72,50.11,Low
0.98,0.0,62,1.94,7.55,7.54,0.1445,1.53,36.94,38.65,Low
5.4,3.04,128,2.16,7.69,6.57,0.6279,1.94,37.21,44.76,Medium
3.24,1.8,174,2.14,7.37,3.71,0.6442,4.4,19.99,72.3,Medium
2.15,1.88,160,1.35,6.68,6.06,0.4932,0.76,24.02,32.64,Low
4.51,1.72,103,0.95,6.42,5.6,0.4761,2.6,32.55,53.58,Low
1.62,0.0,13,0.0,7.42,4.67,0.0008,2.1,13.86,9.67,Low
2.08,0.59,126,0.12,6.95,4.25,0.3738,2.83,20.64,35.79,Low
2.27,2.84,77,0.34,5.15,5.29,0.5319,3.37,41.74,60.47,Low
3.75,1.68,100,0.0,6.06,7.87,0.2972,1.85,19.85,46.28,Low
2.25,1.7,101,0.0,6.23,5.94,0.394,3.17,38.74,42.12,Low
6.78,2.85,225,0.0,6.77,2.64,0.8086,4.1,44.57,50.87,Medium
6.69,4.54,394,2.48,8.39,1.96,1.0,1.5,32.1,79.3,Medium
5.12,3.62,130,1.79,7.0,7.76,0.5817,2.73,21.97,57.76,Medium
4.12,2.19,192,2.09,7.07,4.78,0.6654,1.33,28.53,66.38,Medium
4.57,2.12,115,1.27,8.01,4.62,0.2625,2.04,18.74,44.32,Low
0.0,0.27,38,0.0,5.48,8.62,0.0375,2.4,21.62,5.1,Low
3.75,1.18,97,0.0,8.48,6.18,0.4477,2.8,27.81,51.17,Low
4.17,3.65,174,0.0,6.49,4.23,0.4884,3.19,33.91,46.33,Low
7.72,4.16,312,1.96,8.3,2.06,0.9437,1.15,56.29,73.94,Medium
4.5,3.34,126,0.14,6.68,4.8,0.2065,3.59,37.21,50.09,Low
3.99,2.08,133,1.11,7.25,5.63,0.5989,3.44,36.4,52.39,Low
3.66,1.71,180,0.16,7.34,5.31,0.5474,2.86,10.17,52.54,Low
0.47,0.0,23,0.34,6.76,7.48,0.4265,1.83,28.59,23.53,Low
3.21,3.26,264,1.73,6.97,2.15,0.6497,1.05,52.94,72.01,Medium
5.27,2.09,196,1.61,6.48,2.64,0.5634,0.96,3.65,48.11,Medium
8.48,2.58,209,2.55,9.4,5.23,0.3902,2.71,40.85,53.59,Medium
3.12,0.5,83,0.0,6.16,6.24,0.2888,1.06,23.86,33.93,Low
6.78,5.06,232,2.46,8.26,3.32,0.8707,2.26,28.52,88.46,Medium
0.88,0.1,46,0.0,5.01,6.64,0.1585,1.34,31.0,36.82,Low
5.2,3.19,258,1.2,7.07,5.47,0.8317,2.65,50.03,69.57,Medium
9.04,4.19,294,3.46,7.99,0.8,0.9124,1.36,48.7,97.03,Medium
0.6,0.0,118,0.91,6.88,6.28,0.3166,3.63,21.34,71.17,Low
4.2,2.95,165,0.0,4.54,7.03,0.2504,3.31,17.73,41.92,Low
5.06,1.41,125,0.93,7.18,6.61,0.5487,3.41,31.94,65.7,Low
3.85,2.9,52,0.82,5.83,4.97,0.2014,3.61,36.21,52.57,Low
1.42,0.0,38,0.0,6.48,10.27,0.2592,2.61,18.38,36.7,Low
4.16,2.11,134,1.52,6.21,5.37,0.5862,0.82,27.44,68.77,Medium
2.68,1.48,140,0.38,5.78,5.03,0.4235,1.27,52.91,29.87,Low
5.66,3.98,189,2.84,7.02,4.84,0.4927,0.0,43.15,52.12,Medium
1.74,0.51,44,0.0,5.7,5.8,0.3322,1.19,36.9,39.41,Low
6.41,3.94,228,2.14,7.39,3.33,0.8664,1.6,23.15,71.42,Medium
2.56,0.77,131,0.0,5.65,6.11,0.3876,1.68,19.01,41.44,Low
5.21,1.85,101,1.23,5.37,5.59,0.3491,1.92,29.14,60.8,Low
4.14,4.11,217,0.36,8.22,2.41,0.4235,2.25,24.06,57.42,Medium
0.0,0.16,90,0.29,5.35,8.33,0.2885,2.07,39.85,28.49,Low
4.65,2.96,149,0.68,6.97,2.92,0.5302,0.81,45.24,55.16,Medium
6.68,5.6,253,1.46,8.26,1.38,0.7048,1.55,31.2,67.32,Medium
0.99,0.0,21,0.0,5.7,7.96,0.2549,1.58,39.8,6.75,Low
4.66,2.59,192,0.78,6.43,7.13,0.5324,1.67,30.88,46.97,Low
4.25,0.87,194,2.08,7.31,4.08,0.4201,3.26,57.19,60.77,Low
7.35,0.54,204,1.61,8.29,4.88,0.4632,1.49,35.36,76.1,Medium
0.0,0.53,54,0.51,5.45,8.47,0.1397,4.14,29.58,19.9,Low
0.36,0.0,29,1.28,6.22,8.2,0.4752,3.83,37.4,18.6,Low
4.92,2.27,133,1.63,5.87,3.75,0.6767,1.26,45.39,58.13,Medium
2.62,2.69,184,0.79,6.83,2.92,0.5783,0.8,36.59,33.7,Low
4.29,2.32,246,1.57,7.15,1.31,0.5319,1.87,29.84,49.31,Medium
6.69,3.65,142,0.84,6.49,4.09,0.5446,3.05,36.87,37.84,Medium
2.67,1.07,65,0.05,6.29,7.79,0.4807,1.71,18.44,53.49,Low
4.74,1.6,134,0.0,5.99,2.97,0.4974,2.84,32.68,45.79,Low
3.07,3.43,202,1.98,7.21,5.61,0.6163,3.12,20.37,70.92,Medium
1.83,0.71,111,0.12,7.49,4.65,0.3223,1.44,8.62,50.42,Low
7.28,5.33,293,2.64,7.06,2.36,1.0,0.76,39.83,71.52,Medium
4.57,2.23,151,0.55,6.74,5.35,0.669,2.57,44.99,46.39,Low
3.16,0.0,58,0.4,6.81,5.8,0.3863,2.51,33.3,30.19,Low
5.98,3.07,140,0.92,8.3,4.27,0.5729,1.12,32.46,58.8,Medium
0.72,0.55,78,0.11,5.32,5.84,0.4109,1.94,42.6,38.84,Low
5.87,3.66,248,2.33,7.26,4.88,0.6262,1.69,28.24,54.04,Medium
6.92,3.47,193,2.56,7.81,3.62,0.7427,0.09,16.61,74.84,Medium
3.73,0.0,23,0.33,6.51,6.32,0.4994,3.01,4.08,40.34,Low
7.82,3.01,290,0.36,5.5,5.89,0.5884,1.23,23.0,61.05,Medium
3.61,3.41,159,3.72,7.61,5.37,0.6029,0.0,40.23,49.07,Medium
4.67,2.94,261,3.05,8.63,2.73,0.7082,1.73,27.76,60.48,Medium
6.28,4.6,296,3.1,8.04,2.03,0.9314,0.69,44.09,70.28,Medium
3.23,2.62,124,0.2,6.05,5.25,0.4058,3.76,45.24,46.9,Low
3.05,0.16,107,0.31,6.21,6.25,0.5579,1.64,15.23,39.55,Low
3.41,0.0,43,0.0,7.97,10.12,0.1926,1.17,30.34,39.27,Low
2.28,0.62,90,1.36,7.32,6.78,0.4827,2.75,31.31,55.43,Low
3.46,1.4,129,1.15,7.47,2.06,0.6061,1.36,21.01,47.52,Medium
4.86,1.55,124,0.65,7.46,3.67,0.7583,1.12,45.25,65.16,Medium
3.55,2.24,186,0.84,6.61,1.69,0.3965,2.43,28.51,56.45,Low
8.16,3.73,206,2.56,7.25,3.26,0.5786,0.71,30.3,60.03,Medium
2.1,2.01,145,2.29,6.94,2.0,0.6518,0.54,51.18,49.0,Medium
7.13,4.49,218,3.39,8.17,1.51,0.603,3.29,42.5,71.21,Medium
5.9,3.42,192,1.39,8.07,3.12,0.2864,2.66,37.93,48.83,Medium
9.45,5.74,403,2.97,9.25,1.5,0.9952,0.92,57.15,81.21,High
5.02,3.22,239,0.0,6.18,4.06,0.6443,1.81,26.62,44.73,Medium
1.86,0.21,69,0.55,6.75,6.74,0.4878,2.76,38.21,43.69,Low
1.64,0.0,10,0.14,7.05,6.45,0.2673,3.29,19.63,42.92,Low
6.61,2.14,267,1.5,7.74,2.18,0.5357,1.1,26.97,64.69,Medium
0.9,1.19,130,0.86,6.38,6.11,0.4864,2.43,26.16,48.2,Low
7.27,3.43,177,0.51,9.69,6.81,0.6898,1.28,27.35,68.38,Medium
3.24,5.06,205,1.82,6.21,4.9,0.6388,1.67,40.59,64.23,Medium
3.53,1.17,191,1.45,6.1,4.47,0.4676,2.18,32.31,56.78,Low
1.79,0.31,81,0.87,6.76,4.13,0.1351,2.25,20.85,28.7,Low
1.68,0.0,80,0.55,7.94,5.91,0.1053,3.19,29.17,16.31,Low
1.19,1.73,158,1.13,6.11,6.35,0.5527,2.62,25.02,39.42,Low
6.27,3.55,175,1.36,7.22,5.33,0.69,0.23,31.0,62.67,Medium
6.86,3.61,140,1.11,7.97,5.07,0.5106,0.58,31.56,50.79,Medium
0.0,0.0,89,0.08,6.36,8.07,0.3627,2.0,28.41,12.55,Low
4.57,0.0,55,1.22,6.82,5.8,0.4216,3.78,34.76,69.81,Low
3.98,2.08,175,2.11,7.65,5.18,0.5545,1.03,28.29,53.04,Medium
2.74,1.77,22,0.81,6.78,5.34,0.337,2.06,34.05,38.47,Low
4.33,0.66,143,2.78,7.9,5.03,0.4866,1.42,28.54,64.75,Medium
3.35,0.0,143,2.81,8.06,3.64,0.5217,1.43,23.74,27.42,Low
2.3,0.86,44,0.15,6.67,6.74,0.2526,2.52,9.6,27.74,Low
6.88,2.78,157,0.0,7.41,4.96,0.4316,3.29,41.62,51.5,Medium
4.89,1.75,151,2.44,7.45,6.68,0.6303,2.29,32.93,55.05,Medium
7.03,2.64,328,1.43,7.93,1.41,0.5838,0.87,37.52,64.51,Medium
4.56,2.61,309,1.2,7.57,4.14,0.7273,4.44,45.73,80.28,Medium
0.1,0.04,10,0.0,6.31,9.29,0.3619,2.49,18.34,36.07,Low
2.69,0.0,138,0.0,7.49,7.55,0.2843,1.7,11.57,45.51,Low
6.81,3.27,175,1.9,8.47,5.48,0.4859,3.26,33.27,58.2,Medium
5.45,0.0,196,0.16,6.05,5.11,0.5901,1.38,35.65,43.71,Low
4.65,1.92,189,0.55,7.27,6.17,0.5198,3.51,29.95,36.93,Low
11.7,6.65,432,4.36,8.38,0.0,1.0,0.0,64.0,92.5,High
3.64,2.6,235,1.96,7.04,2.06,0.5994,3.26,7.99,62.16,Medium
7.0,3.17,246,2.42,7.89,3.29,0.8981,1.86,46.88,67.35,Medium
6.97,4.23,207,1.13,8.01,0.33,0.8071,3.0,42.68,62.21,Medium
4.76,1.12,150,0.74,7.24,5.87,0.615,3.71,37.82,56.09,Low
2.81,1.57,89,0.34,5.31,7.3,0.5085,0.96,0.0,65.39,Low
5.84,3.7,145,1.8,6.61,3.21,0.6125,3.05,46.63,53.16,Medium
1.93,2.7,89,1.57,7.33,5.6,0.3488,0.82,15.87,47.69,Low
3.45,1.16,83,0.0,4.69,5.25,0.4165,1.02,23.74,46.47,Low
5.55,1.6,101,0.44,7.71,5.81,0.4796,1.34,25.87,42.11,Low
3.87,0.32,211,0.0,7.46,5.07,0.6597,2.48,34.48,62.99,Low
8.2,3.08,383,1.53,9.21,2.37,1.0,1.34,47.97,99.35,Medium
0.0,0.04,10,0.28,5.91,7.54,0.2187,2.39,29.59,19.6,Low
6.27,3.02,201,1.98,5.69,5.39,0.7296,1.94,41.59,68.29,Medium
0.56,0.76,96,0.07,6.54,8.09,0.2326,3.08,24.47,29.45,Low
2.28,0.0,133,1.36,7.78,4.8,0.2917,2.81,31.8,43.0,Low
7.76,4.15,224,1.49,8.28,5.37,0.8879,2.77,24.54,68.38,Medium
5.83,3.97,98,0.71,6.5,2.87,0.6933,3.8,22.81,44.08,Medium
1.12,0.8,80,1.89,6.53,6.48,0.2611,2.3,33.57,30.77,Low
0.33,1.2,126,0.23,6.22,7.52,0.3199,1.69,34.8,33.46,Low
6.57,3.03,179,2.13,6.68,2.9,0.6972,2.41,40.64,69.21,Medium
1.72,0.0,103,0.42,7.4,6.56,0.409,1.07,21.2,38.09,Low
5.38,3.68,153,0.0,6.15,5.49,0.5231,1.26,40.19,40.27,Medium
1.73,1.46,146,0.0,6.31,3.64,0.3841,2.99,18.62,43.45,Low
3.77,1.53,10,0.02,5.79,5.87,0.4003,2.07,37.52,8.23,Low
6.83,3.65,313,3.56,6.88,1.55,0.9839,0.15,38.11,77.21,Medium
6.14,1.77,239,2.14,7.43,3.22,0.6994,0.32,50.01,59.89,Medium
0.0,0.4,10,0.11,6.92,11.49,0.1299,2.66,4.66,18.26,Low
3.23,1.93,167,0.36,6.95,3.58,0.5102,3.09,48.57,72.6,Low
2.19,2.46,67,1.76,5.46,7.5,0.467,3.33,23.08,45.82,Low
6.53,3.2,233,0.91,8.1,3.13,0.6771,1.86,30.47,68.09,Medium
2.54,0.0,78,0.54,7.95,4.56,0.295,4.25,27.99,21.68,Low
4.47,2.72,103,0.9,6.43,5.33,0.459,1.93,22.46,44.63,Low
7.38,2.17,244,1.26,6.87,5.22,0.4264,1.71,31.8,52.71,Medium
3.85,4.0,256,2.76,7.85,5.08,0.6549,0.0,26.95,55.13,Medium
3.54,0.22,30,0.0,7.7,9.14,0.3288,1.91,16.99,24.0,Low
3.46,0.0,143,0.0,6.42,9.92,0.4671,2.95,33.2,26.9,Low
1.97,1.45,134,0.64,5.7,6.09,0.5571,3.71,18.61,30.12,Low
1.1,3.22,123,0.16,7.18,4.99,0.343,1.37,19.05,48.94,Low
7.3,5.14,223,5.11,8.52,3.03,0.9018,1.93,25.1,75.05,Medium
5.92,2.55,223,1.87,7.21,3.99,0.6603,2.93,26.99,51.01,Medium
1.33,1.18,26,0.0,5.92,8.28,0.4821,2.39,36.81,31.03,Low
7.65,3.59,209,0.89,8.25,1.68,0.698,0.0,26.13,75.44,Medium
6.5,5.39,425,1.19,8.48,5.37,0.82,1.61,33.29,81.87,Medium
6.05,2.46,245,1.01,6.9,4.74,0.7913,2.45,37.1,70.89,Medium
0.0,0.0,13,0.0,6.28,4.75,0.3827,1.51,18.7,18.74,Low
3.47,2.31,23,1.75,5.68,4.66,0.3709,1.89,49.86,36.55,Low
7.6,3.06,307,2.91,8.18,4.32,0.8375,0.46,34.71,72.54,Medium
2.08,2.36,40,0.62,6.44,7.83,0.4813,0.0,29.81,58.31,Low
1.76,2.57,145,1.1,6.87,2.43,0.6905,2.89,41.66,70.96,Low
5.79,2.27,199,1.83,7.36,4.91,0.6675,1.76,43.12,67.45,Medium
2.67,1.61,133,0.0,6.57,3.47,0.2448,3.88,27.7,37.61,Low
4.37,1.62,176,2.33,7.69,4.96,0.48,2.88,28.09,63.12,Medium
0.0,0.0,10,0.0,5.85,11.53,0.0,2.62,34.03,9.33,Low
0.67,0.17,80,0.11,6.36,5.71,0.3859,2.22,23.88,11.7,Low
4.31,1.56,106,0.0,7.48,3.12,0.4829,2.64,24.32,35.67,Low
2.94,0.62,56,0.0,6.7,7.09,0.2125,3.34,17.3,34.66,Low
5.13,4.74,284,2.98,7.47,1.64,0.882,1.83,20.89,56.62,Medium
1.52,0.0,74,0.0,6.19,8.09,0.3,3.53,31.07,19.57,Low
2.51,0.22,153,0.05,6.66,4.33,0.45,1.84,4.32,36.4,Low
4.16,3.13,180,1.74,7.47,3.64,0.4425,0.96,30.6,49.4,Medium
7.3,4.03,251,0.97,7.43,0.0,0.7701,1.5,35.16,68.74,Medium
0.54,0.0,65,0.7,5.97,7.41,0.3076,2.64,45.22,25.57,Low
5.52,2.39,239,1.5,9.16,3.01,0.5943,0.45,17.5,75.7,Medium
4.06,0.94,108,0.7,7.76,3.2,0.2927,0.66,21.04,47.5,Low
0.73,0.0,55,0.0,5.9,6.76,0.4545,2.74,23.73,31.43,Low
3.62,2.59,190,1.67,7.69,5.85,0.6436,1.46,30.34,43.44,Medium
5.21,1.7,202,3.13,7.19,4.38,0.6005,1.77,25.5,63.23,Medium
1.42,0.13,95,1.15,7.01,6.3,0.2723,1.82,26.19,34.28,Low
4.94,2.04,107,0.36,7.14,5.31,0.5877,3.5,17.75,40.18,Low
3.78,1.79,121,1.6,7.76,3.77,0.4505,3.38,31.65,46.35,Low
2.16,4.26,164,0.84,7.33,7.91,0.3643,0.73,7.35,44.03,Low
4.51,1.48,210,2.63,7.28,3.3,0.7749,1.27,33.05,54.67,Medium
8.6,5.54,314,2.91,8.63,3.61,0.8331,2.37,31.93,76.37,Medium
0.35,1.12,92,0.0,6.57,8.01,0.2128,2.97,33.97,28.17,Low
7.71,4.42,297,1.9,8.16,1.59,0.8888,1.32,58.22,100.0,Medium
0.65,0.0,10,0.19,6.28,8.84,0.0,1.45,16.93,19.97,Low
4.64,1.31,96,1.0,6.85,5.6,0.529,1.36,43.15,53.9,Low
4.87,3.07,225,0.65,7.3,1.99,0.6438,1.31,29.78,39.41,Medium
3.84,3.93,230,0.72,6.67,4.08,0.5368,2.19,21.74,45.61,Medium
4.46,1.67,88,0.0,6.09,5.02,0.5033,3.89,44.35,29.79,Low
5.67,2.2,124,0.76,6.1,4.62,0.32,1.38,34.17,37.33,Low
4.19,0.83,169,2.37,5.64,3.78,0.3417,1.12,27.58,46.76,Low
2.92,0.0,123,1.17,6.0,7.57,0.2971,2.07,33.92,51.52,Low
4.73,3.07,235,3.43,7.29,6.13,0.642,2.78,36.99,66.19,Medium
3.72,3.74,131,1.99,7.26,5.93,0.5782,0.45,31.09,53.09,Medium
3.24,0.0,122,1.27,6.44,7.95,0.4044,3.66,13.27,33.3,Low
6.3,2.29,185,3.3,5.57,3.13,0.6452,1.56,31.79,74.63,Medium
6.3,2.59,129,1.55,8.41,3.58,0.4737,1.17,37.77,75.32,Medium
6.41,2.23,201,1.5,8.28,2.61,0.8312,0.16,32.84,63.54,Medium
3.46,2.15,177,2.33,7.67,5.02,0.8671,2.52,42.17,68.84,Medium
3.6,0.33,75,1.5,8.11,6.58,0.3485,2.08,29.69,41.0,Low
1.68,0.0,48,0.17,5.94,5.72,0.3123,2.34,18.42,49.15,Low
5.03,2.15,248,1.02,8.88,5.82,0.797,0.88,20.54,49.56,Medium
5.52,3.62,244,1.6,6.53,4.69,0.4774,1.5,31.48,54.27,Medium
6.35,0.66,70,1.65,7.18,3.77,0.4623,1.52,24.65,53.64,Medium
7.97,0.58,199,1.73,6.04,3.8,0.4539,1.86,33.95,63.88,Medium
7.28,3.29,220,0.88,7.65,4.11,0.6396,0.95,29.21,60.98,Medium
2.6,1.84,137,2.06,7.01,7.45,0.3537,0.64,20.89,20.79,Low
5.74,2.62,191,0.92,7.15,5.01,0.523,4.56,43.27,53.22,Medium
4.66,1.23,135,0.63,7.47,8.15,0.4608,0.7,30.47,57.07,Low
3.18,1.72,125,0.1,6.97,7.78,0.4592,2.25,21.88,30.9,Low
8.35,1.9,286,4.04,7.13,4.01,0.6576,0.0,35.67,54.71,Medium
5.93,3.73,166,1.85,6.96,2.5,0.628,0.0,47.92,63.94,Medium
6.22,3.6,239,0.97,8.06,1.81,0.6396,1.85,37.01,61.04,Medium
7.41,3.55,298,2.74,7.13,2.46,0.8421,1.78,42.46,75.53,Medium
4.55,3.04,180,1.63,7.74,6.1,0.4894,3.26,22.58,38.03,Medium
6.37,1.9,298,1.4,8.32,6.72,0.7189,2.19,43.67,56.98,Medium
2.64,2.66,104,1.42,5.51,6.09,0.4965,1.94,51.63,57.3,Low
3.98,2.64,214,0.6,8.07,6.27,0.622,0.95,23.71,42.93,Medium
2.42,1.47,135,0.5,8.58,4.83,0.6128,3.54,17.53,62.82,Low
4.72,2.13,207,0.0,7.25,5.79,0.4075,2.9,32.24,40.78,Low
6.13,2.79,197,0.42,7.78,5.34,0.5717,0.58,41.73,67.42,Medium
2.91,1.99,69,1.79,7.42,3.26,0.5127,2.28,24.99,34.0,Low
10.19,4.06,370,3.99,7.83,1.24,0.8927,1.52,29.93,69.94,Medium
1.98,0.0,50,0.25,6.64,7.93,0.0173,1.96,23.88,29.94,Low
2.37,1.22,10,1.36,5.34,7.23,0.2369,3.14,29.91,37.24,Low
5.01,3.14,222,1.8,7.69,1.47,0.7451,2.48,31.72,67.3,Medium
5.12,4.09,238,1.44,7.79,0.17,0.3966,1.57,40.03,73.06,Medium
6.08,4.64,256,1.54,7.72,3.52,0.7582,1.53,44.77,73.72,Medium
6.28,2.54,205,1.4,8.17,3.95,0.5543,3.31,35.54,47.59,Medium
3.62,2.66,202,0.82,6.37,3.69,0.5304,2.94,29.66,37.25,Low
2.12,0.0,24,1.2,6.13,6.56,0.298,2.34,33.81,23.49,Low
2.33,2.87,138,1.18,8.55,5.65,0.3863,0.35,21.82,42.15,Low
2.22,1.18,84,1.03,6.54,7.02,0.2575,2.55,17.07,50.88,Low
7.02,3.94,223,2.61,7.65,0.0,0.6015,2.41,32.21,70.23,Medium
4.4,1.13,142,1.19,6.87,3.25,0.5792,0.0,24.35,42.34,Medium
2.95,0.0,112,0.0,5.93,5.78,0.3201,2.5,17.84,37.51,Low
3.42,2.02,106,0.0,8.14,6.34,0.3835,1.68,46.7,59.22,Low
4.83,0.56,189,1.45,6.78,5.11,0.4891,1.66,53.78,75.27,Medium
2.08,0.84,103,0.41,5.82,6.55,0.5069,1.26,23.64,44.14,Low
3.19,1.71,47,0.41,6.23,5.66,0.482,2.1,26.81,11.07,Low
4.99,2.56,165,1.18,5.52,4.14,0.6672,3.32,29.34,56.63,Medium
5.08,4.32,164,3.26,6.6,3.54,0.5982,1.48,42.3,63.02,Medium
2.35,2.26,103,0.0,5.97,6.91,0.4276,3.12,40.52,44.64,Low
0.47,0.64,114,0.0,7.26,4.33,0.2842,1.33,9.87,50.2,Low
5.78,2.38,172,1.45,6.58,5.93,0.5218,2.69,35.92,57.05,Medium
0.53,0.0,17,0.0,6.99,7.48,0.142,2.44,9.69,15.93,Low
0.15,0.0,88,0.13,7.42,7.04,0.036,2.77,40.55,20.03,Low
3.4,0.0,46,0.89,7.27,5.09,0.462,2.22,30.81,36.01,Low
3.1,1.12,104,1.86,6.72,3.29,0.3877,2.71,20.7,57.45,Low
5.89,0.43,286,0.04,7.27,3.56,0.6818,0.0,29.14,47.0,Medium
7.69,4.26,227,1.73,6.52,2.29,0.8832,0.14,34.49,76.69,Medium
6.54,3.04,164,2.03,7.32,0.16,0.7272,2.16,39.54,65.9,Medium
2.04,0.09,167,1.49,6.23,4.94,0.5293,0.0,39.62,63.46,Low
5.42,2.38,65,2.74,7.55,6.42,0.4347,1.48,18.42,49.3,Low
2.31,1.21,60,0.96,8.56,7.35,0.4853,2.25,43.37,17.41,Low
3.52,2.2,234,0.94,7.39,4.28,0.5006,1.18,45.96,56.19,Medium
3.59,1.24,65,0.06,5.26,5.5,0.4725,1.4,19.8,67.05,Low
2.51,3.08,97,0.81,6.87,3.68,0.4996,2.17,32.34,61.96,Low
2.84,1.44,24,0.0,6.68,6.46,0.2414,3.26,42.97,29.71,Low
3.8,3.09,227,1.94,7.33,6.53,0.6516,0.89,44.93,46.97,Medium
5.44,3.47,318,2.43,7.18,4.15,0.8283,0.97,34.3,63.46,Medium
1.96,2.11,121,0.0,7.14,5.94,0.3993,1.3,37.6,68.4,Low
6.14,3.8,209,0.97,6.21,3.66,0.4365,0.0,61.98,52.75,Medium
4.63,2.44,261,2.25,6.59,5.09,0.511,1.93,34.5,53.73,Medium
5.04,3.5,189,0.96,7.32,3.07,0.5394,3.06,21.67,42.4,Medium
3.81,1.81,158,1.63,6.3,4.29,0.4835,2.95,32.84,50.19,Low
1.98,2.05,59,1.32,7.44,5.86,0.4686,1.13,32.53,65.87,Low
2.86,1.47,125,2.38,5.95,5.96,0.6646,0.72,25.24,41.32,Low
3.94,1.06,71,0.57,8.03,7.16,0.2332,2.25,30.55,50.21,Low
3.86,0.29,142,0.71,6.39,5.41,0.4322,2.82,17.58,51.59,Low
4.34,2.2,182,0.67,7.07,3.96,0.5227,2.01,25.83,69.54,Medium
7.09,3.08,311,2.36,7.99,3.63,0.952,1.85,44.84,87.59,Medium
6.52,3.57,278,0.0,7.03,2.13,0.8912,2.85,17.25,65.24,Medium
9.65,6.22,315,2.58,8.19,0.5,1.0,0.61,49.8,79.15,Medium
4.2,1.49,133,0.22,7.08,6.24,0.4249,2.01,6.04,39.15,Low
5.31,0.94,234,0.61,8.2,3.95,0.6164,3.37,17.05,62.14,Medium
2.78,4.32,167,0.4,7.72,1.99,0.7314,1.75,25.93,36.18,Medium
7.88,5.58,361,3.4,7.96,2.4,0.9647,0.08,43.82,98.37,Medium
2.7,0.01,88,0.54,6.48,7.37,0.4237,1.57,39.21,40.33,Low
1.16,0.9,165,0.41,8.46,6.14,0.3215,1.31,26.38,25.77,Low
1.65,1.28,45,0.77,7.46,9.46,0.3533,2.54,24.54,20.33,Low
0.16,0.0,10,0.0,5.2,7.16,0.2415,1.74,25.18,0.0,Low
2.89,1.41,103,1.57,6.82,5.25,0.4488,2.43,18.66,49.82,Low
2.52,0.25,107,0.49,6.35,5.55,0.4933,1.49,27.6,32.42,Low
3.39,1.82,213,0.0,6.97,4.66,0.5556,0.0,18.76,47.71,Low
4.41,1.83,176,2.58,6.19,3.99,0.4835,2.2,32.53,60.01,Medium
6.64,3.38,243,2.8,7.61,0.08,0.8169,1.59,38.08,72.98,Medium
6.97,3.57,260,1.29,8.92,2.75,0.7004,2.23,26.71,69.72,Medium
4.09,1.72,134,0.0,7.17,5.72,0.322,1.5,28.77,42.3,Low
0.0,1.17,10,0.6,4.56,8.19,0.2096,1.49,27.09,35.68,Low
3.87,3.56,189,1.3,8.22,7.57,0.7185,2.25,44.21,41.65,Medium
0.0,0.34,10,1.2,7.21,8.98,0.1815,3.92,7.34,22.0,Low
6.88,4.21,270,2.19,7.63,1.09,0.8801,1.46,38.4,83.5,Medium
6.26,4.61,208,1.27,8.16,2.19,0.7655,2.07,28.29,60.87,Medium
1.32,0.0,145,1.34,6.08,5.46,0.3473,1.82,36.35,55.02,Low
0.0,0.0,18,0.37,5.77,10.25,0.3025,0.97,28.97,47.77,Low
5.5,3.07,207,2.22,8.88,2.72,0.6591,2.56,41.85,76.87,Medium
4.02,2.91,176,1.45,6.73,3.18,0.5033,2.94,22.39,63.21,Medium
6.56,4.8,192,1.96,6.12,2.39,0.7722,2.34,45.04,75.77,Medium
0.0,0.1,36,0.0,6.15,8.53,0.1757,2.3,6.73,20.74,Low
3.01,2.17,69,1.45,6.64,6.93,0.2504,2.78,9.65,43.01,Low
3.35,1.13,136,1.5,7.96,4.69,0.5881,2.89,17.27,70.21,Low
3.77,2.42,174,0.9,7.03,5.95,0.5837,3.61,29.9,45.47,Low
5.11,1.2,135,1.72,6.44,2.27,0.3424,3.12,34.5,32.86,Low
6.85,3.78,253,0.0,8.15,4.22,0.6953,1.88,3.35,48.0,Medium
0.31,0.28,61,1.79,6.56,7.89,0.324,1.01,37.89,31.81,Low
4.71,1.4,151,0.0,6.33,3.96,0.3435,2.2,30.6,37.83,Low
5.21,2.72,142,0.59,7.98,3.57,0.4387,2.22,14.92,68.54,Medium
3.65,3.65,198,1.38,7.41,1.43,0.7167,2.55,33.58,59.88,Medium
6.41,2.4,225,1.45,7.36,6.32,0.6733,3.14,44.48,70.39,Medium
3.6,0.25,56,0.91,6.58,5.61,0.2186,2.24,30.37,30.14,Low
0.0,0.0,10,0.0,5.38,7.66,0.1073,4.56,33.32,15.59,Low
5.45,1.42,265,2.23,7.22,3.99,0.704,0.0,22.73,56.07,Medium
5.89,2.7,191,0.8,7.17,6.77,0.522,2.32,27.52,45.9,Medium
2.83,1.49,63,0.64,6.47,5.89,0.2657,1.43,17.01,42.25,Low
7.76,4.59,223,2.19,8.79,1.86,0.6361,0.0,54.93,78.47,Medium
4.64,0.22,218,1.17,7.23,5.09,0.6371,1.76,36.97,57.77,Medium
6.83,3.42,264,1.5,8.27,5.16,0.8329,0.19,64.37,52.8,Medium
2.54,0.0,146,0.65,7.04,4.64,0.3862,1.82,25.66,51.01,Low
9.38,6.46,269,2.88,8.88,0.48,0.9258,1.42,33.06,70.65,Medium
8.91,3.55,258,3.16,8.2,0.06,0.7608,2.59,37.35,80.34,Medium
3.23,2.88,182,0.32,6.89,3.54,0.4241,0.57,42.54,51.06,Low
5.89,4.4,233,1.08,7.48,4.84,0.6598,2.62,31.2,52.85,Medium
3.45,2.07,180,2.01,6.56,3.55,0.5863,1.9,34.47,69.36,Medium
7.35,2.92,280,2.07,8.09,2.04,0.974,2.62,37.81,93.92,Medium
2.76,0.9,40,0.89,6.49,5.37,0.263,1.86,25.57,43.87,Low
5.3,2.18,265,0.82,6.94,4.1,0.5564,0.46,26.91,58.66,Medium
7.47,3.69,289,0.42,8.41,3.05,0.6354,0.46,33.92,62.71,Medium
0.08,0.0,10,0.0,5.12,7.23,0.2526,1.24,19.41,21.53,Low
2.31,0.0,30,0.0,6.07,8.8,0.0981,2.83,24.01,24.64,Low
0.0,0.0,10,0.0,6.8,10.37,0.0159,4.09,29.24,21.94,Low
3.43,1.82,69,0.27,7.12,2.99,0.5908,1.52,46.26,34.57,Low
5.23,2.51,154,2.17,7.32,4.42,0.6679,2.41,25.18,41.87,Medium
7.28,3.7,276,1.97,7.95,1.58,0.8197,0.03,33.59,74.73,Medium
3.7,2.81,143,1.18,7.18,4.52,0.728,2.16,22.12,51.32,Medium
7.1,5.62,226,2.43,6.6,3.02,0.8504,2.18,40.01,68.72,Medium
2.23,0.0,28,0.05,6.03,6.75,0.1532,0.97,17.72,16.47,Low
0.07,0.0,34,0.0,7.44,7.9,0.1311,2.31,23.88,27.35,Low
1.96,2.42,167,1.36,6.44,6.09,0.3753,2.73,40.76,39.27,Low
6.87,1.22,105,0.67,6.94,4.87,0.7024,0.0,6.66,54.37,Medium
5.59,2.17,142,2.09,6.55,4.08,0.5509,3.35,34.75,67.16,Medium
0.0,0.0,10,0.0,5.9,7.16,0.199,2.97,15.06,25.5,Low
4.65,2.55,179,0.0,6.49,2.97,0.6035,2.74,34.16,34.97,Medium
0.79,0.0,77,0.11,6.74,5.68,0.1977,1.98,14.51,17.68,Low
5.66,2.24,168,0.85,7.49,6.94,0.5395,0.08,45.31,61.56,Medium
5.09,1.67,149,1.83,7.8,3.26,0.5681,2.42,40.97,41.75,Medium
1.84,0.69,56,2.02,5.69,4.62,0.2247,2.2,30.98,15.88,Low
2.03,1.71,19,0.0,6.47,6.25,0.4137,2.19,35.36,47.62,Low
1.05,1.91,79,0.42,6.29,6.42,0.4014,3.41,17.25,37.32,Low
2.78,1.41,134,0.0,7.33,4.8,0.4707,2.78,23.49,53.57,Low
4.91,2.94,265,2.13,6.84,5.68,0.706,3.63,42.3,66.96,Medium
1.95,1.67,27,0.0,7.24,7.3,0.2935,2.45,17.39,34.56,Low
4.15,3.05,166,0.9,8.2,3.45,0.6811,1.16,46.98,50.94,Medium
3.76,2.47,47,0.0,5.94,5.16,0.3272,1.97,24.11,47.21,Low
4.2,1.1,46,0.95,6.21,5.44,0.1218,2.65,31.05,53.41,Low
3.09,0.68,94,1.72,6.52,6.47,0.5257,3.05,50.46,43.38,Low
2.22,0.0,107,0.19,8.59,6.09,0.3917,0.84,17.76,24.26,Low
3.49,0.0,78,0.0,6.38,3.14,0.4339,2.17,27.92,30.34,Low
2.17,0.87,59,1.31,7.74,6.72,0.1964,3.97,34.55,23.36,Low
8.02,6.14,292,1.97,6.97,0.0,0.7794,1.17,49.34,81.5,Medium
4.96,3.9,102,0.0,6.23,8.22,0.5565,2.92,26.9,29.13,Low
3.18,1.79,87,0.81,6.1,4.6,0.3742,2.7,21.33,43.9,Low
2.94,3.48,191,0.29,6.43,4.44,0.5302,2.89,28.74,59.65,Low
4.82,1.25,93,1.7,6.73,5.56,0.6598,1.22,43.92,30.33,Low
4.62,0.51,165,0.52,6.32,4.9,0.3611,1.26,26.1,36.89,Low
4.31,3.77,165,1.97,6.65,3.64,0.8003,1.84,33.85,60.01,Medium
5.56,3.55,191,2.73,8.31,4.5,0.6547,0.24,29.52,59.93,Medium
3.76,1.31,129,0.0,7.71,8.09,0.2103,1.89,34.4,47.24,Low
2.6,1.52,77,0.09,7.47,7.01,0.3669,2.43,28.68,39.95,Low
4.74,1.91,129,0.72,7.28,7.63,0.5409,3.87,18.59,58.52,Low
2.23,0.0,10,0.39,5.92,6.88,0.0031,3.09,8.8,12.26,Low
0.03,1.02,34,0.0,5.84,7.75,0.0495,3.08,2.44,17.44,Low
5.08,4.59,164,1.62,6.92,3.18,0.7569,2.75,28.52,59.87,Medium
7.65,5.31,208,2.7,8.11,3.06,0.7433,0.54,46.16,82.03,Medium
4.37,2.14,155,0.34,5.94,7.44,0.4994,1.91,41.99,46.56,Low
4.88,2.4,238,1.58,6.49,3.8,0.6927,4.25,39.74,64.99,Medium
6.37,3.22,138,0.01,8.08,3.92,0.4566,1.83,37.1,60.8,Medium
8.55,5.22,387,5.23,10.0,1.18,1.0,2.19,44.13,75.98,High
7.07,4.73,251,0.82,7.87,0.65,0.7996,2.63,43.35,55.39,Medium
3.02,0.61,167,0.64,7.82,4.84,0.3885,0.56,32.22,37.87,Low
4.15,0.85,10,0.21,6.33,6.23,0.2007,2.6,43.27,27.51,Low
3.18,0.0,10,1.24,5.13,6.03,0.0608,2.63,20.98,21.7,Low
3.49,2.86,153,0.1,7.59,6.28,0.5759,2.27,44.45,63.04,Low
1.83,0.83,118,1.98,7.08,4.54,0.3796,1.47,34.96,50.64,Low
2.19,0.0,136,0.47,6.35,6.93,0.1471,1.31,30.24,25.74,Low
2.24,1.45,89,0.82,6.48,6.41,0.3712,1.72,6.65,37.79,Low
1.78,0.0,10,0.0,7.23,8.65,0.4364,2.23,33.88,26.72,Low
7.4,5.41,301,2.81,7.05,2.45,0.74,2.68,37.16,76.2,Medium
3.46,3.32,273,1.13,6.82,5.08,0.4812,3.55,29.97,65.25,Medium
3.97,2.38,154,2.01,6.19,6.06,0.5439,3.4,15.13,57.95,Low
6.13,3.26,232,1.41,7.81,2.97,0.7849,2.42,37.34,80.18,Medium
3.56,1.53,195,0.97,6.17,3.25,0.4445,0.97,30.72,28.14,Low
4.01,0.25,108,0.0,6.02,4.14,0.393,1.85,12.66,35.56,Low
5.54,5.14,231,1.43,7.2,2.88,0.8885,1.75,22.88,86.69,Medium
6.05,4.49,208,2.02,7.06,3.38,0.387,1.21,37.56,53.7,Medium
1.59,0.0,107,0.6,5.29,7.93,0.2273,2.89,33.53,45.83,Low
3.28,2.79,182,1.81,6.97,6.4,0.6937,2.78,30.95,44.08,Low
3.2,0.0,77,0.0,7.56,6.04,0.3832,2.8,37.13,38.61,Low
1.64,0.0,25,0.75,6.42,5.34,0.2911,3.44,22.22,17.89,Low
6.54,2.43,273,3.75,8.7,4.38,0.8025,0.82,34.09,52.9,Medium
8.98,3.51,254,2.17,9.02,0.61,0.8836,2.36,30.38,85.9,Medium
0.81,0.0,56,1.4,6.92,5.96,0.3,1.72,7.4,37.84,Low
4.39,3.26,140,1.24,7.34,2.69,0.6844,0.89,51.36,58.71,Medium
1.4,0.81,141,0.0,6.69,5.77,0.4238,2.73,38.06,27.97,Low
2.04,1.65,101,0.37,7.37,7.49,0.3704,3.36,13.64,43.13,Low
6.35,1.8,153,1.36,6.39,5.88,0.3987,2.67,28.6,53.69,Medium
3.77,0.97,101,0.0,5.06,5.63,0.2684,2.28,24.68,54.47,Low
2.48,2.73,105,0.56,7.42,2.64,0.511,2.3,27.5,47.56,Low
0.75,0.68,141,0.81,5.68,7.07,0.217,2.39,21.76,20.94,Low
5.12,1.22,234,1.22,6.37,3.42,0.475,0.79,35.16,62.46,Medium
4.56,2.98,181,1.43,6.98,5.25,0.4617,0.77,37.93,46.49,Medium
4.18,1.05,100,1.0,6.8,4.83,0.3578,1.99,32.83,55.85,Low
1.88,0.0,65,0.66,5.42,7.62,0.268,2.35,24.26,39.2,Low
2.7,0.96,110,0.19,6.84,5.63,0.3683,2.18,25.54,32.51,Low
5.9,2.22,182,1.79,8.15,3.78,0.6913,2.45,43.15,61.91,Medium
5.1,2.33,258,0.66,6.35,4.98,0.6951,1.63,37.14,70.6,Medium
0.0,0.88,78,1.25,7.53,9.63,0.2581,2.86,25.84,33.85,Low
3.92,2.5,50,0.57,5.8,6.18,0.6534,1.83,30.14,41.14,Low
4.48,2.23,224,2.5,9.07,3.74,0.7441,3.6,37.21,45.38,Medium
0.87,0.0,10,0.0,5.84,7.51,0.2165,2.58,16.97,17.24,Low
8.67,3.89,190,1.6,7.39,3.4,0.624,4.18,40.93,54.05,Medium
3.12,1.5,82,0.07,5.16,4.57,0.3994,2.55,15.93,48.26,Low
4.76,4.93,228,0.64,7.24,3.31,0.7328,1.62,28.74,47.35,Medium
3.58,2.04,134,0.0,6.8,4.99,0.4697,1.33,32.29,54.09,Low
0.97,0.44,17,0.0,6.03,8.69,0.2725,1.1,9.65,9.56,Low
1.25,0.0,10,0.0,5.74,5.83,0.1786,1.5,6.13,48.9,Low
4.82,2.84,152,1.21,6.27,6.93,0.5651,1.11,30.87,67.98,Medium
6.99,2.34,172,2.02,8.03,5.74,0.6863,2.32,14.33,55.31,Medium
0.83,0.09,46,0.0,6.57,6.39,0.2568,1.75,12.49,19.96,Low
5.85,3.13,224,0.81,8.55,4.04,0.5959,2.0,40.76,59.02,Medium
0.0,0.45,35,0.0,5.75,6.66,0.1693,3.78,19.64,21.21,Low
4.53,2.4,206,1.33,6.62,5.5,0.5767,1.93,42.52,36.27,Medium
0.48,0.0,103,1.14,7.05,8.45,0.3493,4.44,11.9,34.74,Low
2.2,1.76,70,1.49,5.38,4.92,0.3465,1.02,25.8,31.99,Low
3.74,1.43,187,1.61,6.05,2.63,0.3586,1.84,34.23,43.56,Low
3.45,0.93,43,0.82,7.45,7.35,0.3525,1.72,13.99,35.06,Low
4.33,1.12,147,2.05,5.87,6.06,0.3313,3.05,38.39,38.48,Low
4.52,3.29,210,2.07,6.05,1.81,0.5523,0.0,40.14,85.88,Medium
2.91,1.9,63,1.06,8.21,4.77,0.2582,0.73,11.02,35.99,Low
4.82,2.21,228,1.41,6.3,2.46,0.6998,1.64,33.8,66.94,Medium
0.23,2.25,10,0.0,6.58,5.61,0.4102,3.89,28.21,34.51,Low
4.8,0.97,122,0.88,7.32,3.72,0.6099,2.07,26.75,61.47,Medium
6.51,3.56,258,2.15,5.47,2.44,0.8095,0.22,22.41,75.91,Medium
1.97,0.0,10,0.0,5.55,7.73,0.124,1.54,20.43,21.74,Low
2.93,1.39,71,1.9,6.96,5.06,0.1862,3.91,48.13,40.71,Low
3.5,2.77,133,1.53,7.57,3.79,0.6674,1.21,29.02,60.91,Medium
2.92,1.64,101,1.78,7.62,5.56,0.4582,1.12,44.68,47.54,Low
5.97,2.97,195,0.95,6.88,3.97,0.6308,3.37,24.33,54.18,Medium
5.3,0.86,125,0.27,7.27,7.64,0.3309,3.19,29.14,31.82,Low
2.27,3.52,156,0.01,6.49,5.63,0.4355,3.25,38.15,50.69,Low
1.43,2.61,184,0.28,5.79,2.85,0.4829,1.1,29.14,50.08,Low
8.58,4.62,259,2.36,6.55,4.03,0.8985,0.12,32.86,71.54,Medium
4.98,1.42,140,1.21,5.96,5.53,0.637,2.06,38.53,55.62,Low
3.63,2.43,166,2.02,7.98,3.84,0.5168,2.23,50.6,52.73,Medium
3.82,1.08,61,0.82,5.58,3.38,0.2835,2.49,30.95,43.25,Low
0.0,0.26,107,0.33,6.98,5.74,0.2343,3.62,22.4,37.15,Low
3.14,1.71,160,2.37,6.57,5.64,0.5451,0.4,25.94,46.64,Low
5.18,2.05,209,1.24,7.12,2.73,0.4834,2.74,57.17,53.71,Medium
4.27,2.02,172,1.59,7.88,3.45,0.3833,1.03,29.24,45.49,Medium
3.36,1.36,161,0.91,6.79,4.43,0.6901,2.77,25.5,64.35,Low
8.25,6.83,370,3.23,8.53,1.54,0.7537,0.9,28.93,74.04,Medium
4.63,2.41,212,2.44,7.47,3.07,0.8235,0.92,16.1,69.03,Medium
3.65,1.73,183,0.91,6.72,5.36,0.4094,1.49,32.01,45.44,Low
5.33,4.59,245,0.08,9.44,1.54,0.6254,0.19,42.55,88.23,Medium
2.69,0.82,146,0.69,5.64,4.96,0.3936,2.16,23.99,41.72,Low
0.0,0.0,46,0.35,7.01,8.86,0.0201,1.84,19.66,26.38,Low
2.77,0.0,62,0.62,7.02,5.99,0.3425,3.09,13.25,35.03,Low
1.29,0.65,10,0.0,5.68,5.3,0.061,3.2,21.98,8.06,Low
3.02,1.49,173,0.0,8.13,4.82,0.2385,3.79,33.06,39.52,Low
4.08,1.43,146,0.44,5.53,3.37,0.4816,2.36,24.74,59.08,Low
5.61,4.22,231,2.67,7.42,2.89,0.6996,2.02,55.29,70.82,Medium
4.29,3.3,262,1.59,6.2,4.99,0.5858,3.3,23.26,32.7,Medium
3.5,1.09,114,1.8,7.22,2.84,0.3375,1.44,31.74,46.4,Low
8.8,2.49,223,1.55,6.52,4.89,0.6171,0.26,42.63,51.52,Medium
0.0,0.0,19,0.0,6.24,6.65,0.076,2.86,18.17,18.15,Low
6.23,1.18,145,1.2,6.97,6.99,0.5259,0.51,29.29,69.05,Medium
6.74,4.98,171,0.83,7.0,3.77,0.6792,4.22,19.57,69.26,Medium
1.38,0.0,42,0.0,6.57,5.35,0.2723,3.9,36.18,43.19,Low
8.4,4.55,170,2.26,7.36,1.57,0.613,3.82,34.02,61.54,Medium
5.12,2.72,166,1.41,6.3,5.01,0.5613,1.96,37.07,53.65,Medium
3.64,0.39,127,0.17,9.03,5.04,0.084,2.68,34.65,33.33,Low
5.2,2.94,190,0.21,6.93,3.91,0.6513,1.35,26.88,52.65,Medium
10.01,6.19,270,3.32,6.36,4.01,0.9241,2.2,39.38,74.79,Medium
5.68,2.08,228,0.93,6.42,3.68,0.438,0.73,44.25,39.66,Medium
3.75,3.57,174,1.64,6.11,4.72,0.5812,0.0,20.07,67.38,Medium
1.5,2.33,170,2.12,7.43,7.82,0.5254,1.35,48.98,22.19,Low
2.06,1.64,72,0.0,6.83,6.68,0.2824,0.8,18.3,50.95,Low
4.7,2.79,181,1.1,7.73,1.34,0.5716,3.23,22.36,74.92,Medium
2.21,0.0,92,0.15,6.28,7.04,0.3453,4.07,27.04,42.16,Low
5.63,1.49,147,2.22,6.81,3.15,0.3808,0.58,52.44,39.93,Medium
2.5,1.48,65,0.0,6.46,7.83,0.3384,3.44,8.5,27.01,Low
4.91,3.26,247,2.93,7.17,3.05,0.718,2.81,30.98,51.7,Medium
4.74,0.33,152,1.38,7.84,8.95,0.573,0.33,36.43,61.26,Low
7.09,3.55,159,1.75,7.79,5.64,0.5196,1.3,35.52,65.59,Medium
0.28,1.39,162,0.43,7.15,4.57,0.2183,1.57,31.27,31.91,Low
2.73,1.32,108,0.44,7.26,5.43,0.4622,2.83,21.47,57.43,Low
2.3,1.82,47,1.06,7.22,7.6,0.3905,1.06,19.11,52.16,Low
4.55,1.76,44,0.0,7.01,6.84,0.2494,2.03,26.29,41.07,Low
4.16,3.88,250,1.58,7.48,5.1,0.6204,1.2,20.59,56.75,Medium
3.26,2.92,159,1.3,8.33,5.74,0.7844,2.25,33.34,46.27,Medium
2.9,1.55,79,0.0,6.01,6.2,0.5044,2.06,21.5,32.02,Low
4.98,4.94,256,3.76,6.75,3.15,0.707,1.2,29.65,68.15,Medium
5.28,5.35,275,2.42,6.73,2.45,0.8218,1.38,39.98,73.88,Medium
4.08,1.53,181,1.82,7.35,5.67,0.3694,3.91,13.86,51.12,Low
7.53,4.56,232,3.41,6.46,2.73,1.0,1.02,37.09,75.41,Medium
1.73,0.49,56,0.0,6.98,6.6,0.2877,1.19,49.3,33.92,Low
0.0,0.62,58,1.41,6.29,8.06,0.1577,2.96,12.92,28.55,Low
1.52,0.02,10,0.0,7.02,4.59,0.1187,2.39,33.96,27.55,Low
8.52,3.41,278,1.58,7.21,3.22,0.9504,0.14,38.03,52.77,Medium
6.09,3.05,230,1.16,7.16,4.35,0.8517,4.04,27.24,59.07,Medium
2.52,0.0,184,1.42,7.87,7.59,0.5014,1.66,16.52,52.67,Low
4.32,3.86,123,1.4,8.25,2.29,0.6558,1.54,32.8,48.49,Medium
1.74,0.0,148,0.0,5.89,9.02,0.2792,2.5,38.91,28.32,Low
9.61,5.72,376,2.95,8.37,1.44,0.8854,3.0,38.34,82.18,Medium
5.06,1.88,160,0.32,7.3,5.54,0.6735,0.28,29.84,47.15,Medium
3.34,3.31,202,0.0,7.35,7.35,0.4597,2.24,40.65,51.7,Low
5.55,0.25,303,2.16,7.15,4.75,0.7987,3.87,37.04,62.18,Medium
5.51,2.7,131,1.94,8.27,4.88,0.7261,1.98,16.68,36.21,Medium
6.19,2.23,159,2.45,5.6,5.03,0.6062,0.7,32.11,59.89,Medium
3.26,0.36,10,0.0,6.27,5.46,0.5248,1.62,41.17,35.24,Low
5.89,4.43,195,1.93,7.59,4.25,0.8175,2.07,31.99,76.4,Medium
7.86,3.94,315,2.28,8.31,1.1,0.8589,2.77,12.0,66.31,Medium
8.38,4.79,256,3.03,8.75,2.92,0.6882,1.26,40.61,61.51,Medium
7.68,4.75,251,3.09,8.76,0.0,0.6322,2.35,35.98,71.87,Medium
1.94,2.49,27,0.76,6.52,6.41,0.6222,0.72,9.15,46.46,Low
3.7,0.0,86,0.0,7.55,6.3,0.2581,0.85,8.26,15.65,Low
4.59,1.08,198,1.67,6.37,4.68,0.5883,1.55,39.12,39.82,Medium
3.58,3.18,131,1.56,7.77,5.25,0.437,3.42,22.95,56.75,Low
5.61,4.07,255,1.33,9.0,1.21,0.8727,1.74,26.4,56.93,Medium
0.97,0.0,10,0.0,7.13,10.43,0.0915,2.8,21.18,38.31,Low
7.61,3.76,291,1.99,7.85,2.55,0.6867,1.82,31.21,68.4,Medium
3.92,2.15,122,2.09,6.66,5.02,0.4475,3.16,30.21,38.64,Low
3.52,2.2,85,1.58,5.56,4.19,0.3614,1.52,25.84,49.7,Low
4.02,0.0,39,0.0,6.74,6.55,0.3572,2.99,12.94,50.89,Low
1.98,0.0,10,0.0,5.28,9.56,0.1639,1.67,16.61,29.34,Low
5.88,3.76,231,2.68,6.78,5.32,0.7274,3.74,38.54,74.95,Medium
5.28,0.89,103,0.15,6.08,6.17,0.4856,1.18,30.79,67.87,Low
0.18,0.0,31,0.38,5.99,7.75,0.1755,1.5,22.73,21.43,Low
1.89,0.0,45,0.0,6.33,6.4,0.1826,2.94,42.9,39.96,Low
5.5,2.31,79,2.03,7.05,3.33,0.6373,2.18,35.63,29.73,Medium
7.08,4.63,355,1.72,7.35,2.19,0.8563,1.83,46.87,79.28,Medium
2.46,1.38,95,1.71,7.73,5.04,0.2497,2.31,27.04,45.39,Low
0.21,1.13,10,0.0,6.08,8.83,0.1474,1.36,24.69,39.88,Low
2.2,2.27,91,1.01,6.25,5.83,0.4605,3.69,24.46,58.04,Low
2.51,3.21,200,0.0,7.04,7.83,0.63,2.98,36.41,51.61,Low
0.0,0.0,10,0.0,7.22,10.84,0.0635,4.17,15.41,12.53,Low
2.2,1.88,108,0.78,7.24,4.4,0.397,1.49,31.95,54.27,Low
3.56,0.04,176,1.01,6.59,2.65,0.6956,2.49,30.45,47.15,Low
6.48,2.81,214,0.66,6.13,6.03,0.6361,1.99,33.3,59.83,Medium
6.61,4.52,308,1.61,7.75,4.27,0.9944,2.57,68.63,92.16,Medium
8.08,4.32,226,2.35,7.75,1.26,0.6098,2.82,28.97,82.53,Medium
4.08,1.64,99,1.24,6.56,7.67,0.2064,2.27,21.9,44.55,Low
3.02,0.96,75,0.0,5.11,7.23,0.1379,0.81,31.41,35.78,Low
8.36,6.56,334,3.68,7.61,1.38,0.6896,3.01,36.92,89.42,Medium
5.14,4.24,227,0.11,8.19,7.33,0.7231,2.54,27.38,34.77,Medium
2.72,1.71,100,0.73,8.15,7.0,0.5242,1.39,19.21,46.84,Low
5.02,1.02,210,2.3,6.28,6.01,0.4027,2.41,34.79,65.64,Low
4.6,2.54,161,1.21,7.64,5.41,0.5849,0.43,36.03,45.47,Medium
4.38,0.98,150,0.99,5.98,6.14,0.4901,3.1,26.13,68.98,Low
1.44,2.62,137,2.39,7.84,5.26,0.4474,0.7,34.28,53.12,Low
1.83,0.9,81,0.0,6.92,5.74,0.5116,1.94,8.68,45.81,Low
4.65,1.39,182,1.61,7.74,3.7,0.4645,2.25,22.77,55.12,Medium
1.78,0.71,10,1.9,5.36,5.32,0.3033,3.2,25.58,32.68,Low
3.13,1.65,64,0.17,7.19,5.52,0.4402,2.32,14.71,36.66,Low
2.57,2.0,122,1.77,7.05,3.89,0.6015,2.6,13.05,66.01,Low
4.51,0.98,79,0.01,7.55,5.59,0.4591,2.05,25.65,40.03,Low
5.53,5.92,262,1.65,8.48,2.26,1.0,1.52,44.46,83.17,Medium
0.0,0.0,10,0.0,5.73,9.73,0.0,2.88,29.57,0.0,Low
6.93,3.67,265,2.51,7.07,0.93,0.6283,1.48,29.98,54.39,Medium
5.66,4.52,259,2.89,8.25,2.96,0.791,0.0,43.56,87.71,Medium
0.55,0.0,10,0.6,5.92,8.31,0.0178,1.85,26.0,18.78,Low
3.63,1.97,137,0.67,6.13,5.05,0.481,2.35,40.47,39.47,Low
2.61,0.39,125,1.66,6.08,5.3,0.3424,1.86,24.64,58.06,Low
0.0,0.71,75,0.0,5.11,4.73,0.1785,2.27,4.98,41.35,Low
0.09,0.0,119,1.1,6.2,6.7,0.5335,1.91,26.81,47.54,Low
2.2,1.03,62,0.28,7.33,7.64,0.2373,1.47,14.31,27.64,Low
5.63,5.73,254,2.76,8.02,3.11,0.7706,0.98,31.53,73.41,Medium
5.99,4.26,199,2.09,7.04,5.15,0.8042,1.41,31.67,67.15,Medium
6.23,4.16,230,0.73,8.28,3.39,0.6492,1.62,32.97,76.02,Medium
6.26,2.85,195,0.68,6.69,4.64,0.575,2.18,35.02,55.74,Medium
1.38,0.0,70,0.18,6.51,6.93,0.3318,2.16,31.39,34.77,Low
2.56,2.68,137,0.0,6.59,6.82,0.4889,1.13,23.7,44.81,Low
5.86,2.03,187,2.06,7.87,1.9,0.7199,0.46,36.4,70.21,Medium
1.96,0.0,53,0.72,5.13,5.49,0.1809,4.96,24.04,39.21,Low
5.81,3.73,213,1.83,6.68,6.31,0.7022,0.66,42.92,45.63,Medium
4.08,0.84,110,0.0,5.57,1.67,0.4053,1.55,26.91,44.26,Low
1.41,0.49,83,1.8,6.6,5.35,0.3645,2.63,27.34,35.09,Low
6.33,1.62,137,3.2,8.32,5.69,0.7625,2.15,29.81,66.35,Medium
5.62,2.18,158,1.47,6.82,4.19,0.5339,2.39,30.6,65.9,Medium
2.06,1.38,140,1.12,6.41,4.93,0.4556,1.67,20.36,45.6,Low
6.03,3.98,215,2.09,8.28,3.46,0.7474,1.89,26.97,64.71,Medium
1.79,1.33,54,0.56,7.31,6.09,0.1767,2.39,32.35,34.48,Low
5.07,3.45,218,1.4,7.24,4.12,0.7198,1.5,22.25,61.33,Medium
5.59,2.7,218,1.45,7.84,3.09,0.6746,2.07,29.77,52.5,Medium
5.1,1.34,82,1.48,5.98,7.13,0.2395,3.15,38.61,33.17,Low
5.95,3.0,216,3.14,8.27,6.65,0.593,1.88,28.1,34.39,Medium
0.0,1.4,95,0.0,8.09,6.68,0.1725,2.36,32.03,43.91,Low
6.59,3.51,179,1.66,7.88,1.53,0.7945,2.79,28.71,68.82,Medium
5.22,1.25,102,0.0,5.24,4.49,0.3185,3.02,18.56,50.85,Low
3.42,0.22,156,1.86,6.29,5.51,0.3598,3.74,11.44,54.81,Low
7.41,2.13,228,1.37,8.01,4.18,0.746,0.0,48.37,53.18,Medium
5.01,1.61,10,0.0,6.31,4.54,0.3646,3.12,15.11,22.08,Low
2.41,0.47,10,0.38,7.31,5.96,0.2946,3.02,30.43,32.72,Low
1.19,0.24,15,1.15,6.69,8.1,0.0368,1.58,12.22,29.58,Low
6.47,2.78,152,2.02,6.74,5.5,0.7864,2.07,46.2,41.78,Medium
1.61,1.49,31,0.14,6.39,5.99,0.2964,3.44,45.67,34.39,Low
7.54,4.15,292,2.73,7.16,0.37,0.9869,0.64,21.91,72.32,Medium
0.0,0.0,42,0.47,5.81,13.05,0.171,3.07,8.74,10.7,Low
9.27,4.51,274,1.66,7.4,3.63,0.8381,2.36,46.21,72.11,Medium
3.44,1.71,210,1.08,8.05,4.28,0.4138,0.87,36.19,28.75,Low
5.65,2.45,199,0.56,8.64,6.45,0.4243,1.89,37.29,42.64,Medium
3.51,1.59,164,0.0,5.58,5.63,0.55,2.46,21.54,34.78,Low
3.12,2.96,193,1.06,5.66,5.7,0.7184,1.08,51.87,61.56,Medium
4.37,2.02,68,1.86,6.79,5.3,0.4305,1.13,30.99,47.85,Low
3.69,3.62,257,2.34,6.34,3.48,0.4388,1.53,23.35,72.94,Medium
4.98,4.56,201,1.61,7.09,4.66,0.5016,2.77,28.04,26.22,Medium
5.36,3.41,159,1.24,7.67,2.6,0.5013,2.6,18.72,43.86,Medium
2.56,2.18,191,1.13,8.01,8.45,0.4023,1.25,44.09,50.11,Low
4.03,2.03,180,0.31,7.13,3.67,0.5415,2.67,23.11,46.06,Low
6.96,3.47,197,1.0,7.0,2.5,0.6492,1.07,36.46,63.07,Medium
0.0,0.0,57,0.0,4.56,7.25,0.257,0.9,16.74,6.3,Low
0.03,0.0,55,0.14,6.35,5.58,0.2749,2.04,17.11,37.09,Low
7.26,2.81,110,1.85,7.43,3.81,0.4686,2.9,14.61,54.76,Medium
6.7,2.18,144,1.03,7.6,5.78,0.5001,2.6,36.84,45.2,Medium
3.64,0.0,183,0.55,6.34,6.77,0.6936,2.05,42.07,57.15,Low
5.25,2.24,119,3.54,6.66,6.19,0.5411,1.58,20.93,61.9,Medium
6.3,2.03,169,2.0,5.99,4.02,0.6063,1.51,16.29,65.56,Medium
2.03,2.78,65,0.9,4.9,5.88,0.428,2.27,35.33,62.29,Low
1.86,0.85,159,0.19,5.72,6.78,0.3859,1.17,9.65,50.99,Low
5.87,1.1,233,0.8,5.84,2.07,0.3009,1.59,43.17,44.98,Medium
4.07,0.48,36,0.11,6.78,7.32,0.2804,2.08,16.06,36.74,Low
5.49,1.57,189,1.56,6.79,2.2,0.5779,0.53,21.01,52.52,Medium
0.0,0.0,10,0.0,5.72,10.61,0.2876,1.67,23.97,44.75,Low
8.44,3.83,257,0.57,6.73,2.85,0.7106,2.1,24.76,76.49,Medium
4.31,3.67,208,0.87,4.65,4.01,0.4299,1.87,25.29,55.2,Low
4.11,1.59,203,1.37,8.33,3.46,0.5942,1.61,34.82,62.62,Medium
6.38,3.51,242,1.59,6.69,2.58,0.6162,0.79,10.62,52.42,Medium
9.2,3.13,401,3.51,7.5,5.91,0.7114,3.08,54.75,77.48,Medium
7.05,4.22,190,0.63,6.34,4.89,0.6195,0.86,35.51,55.84,Medium
0.82,0.0,10,0.0,6.86,5.44,0.1861,2.8,7.87,5.5,Low
2.0,0.58,32,1.19,6.47,9.18,0.37,1.9,13.43,38.65,Low
2.8,1.06,37,0.61,6.03,7.73,0.4233,2.22,36.79,49.71,Low
4.72,2.45,92,1.73,6.7,4.54,0.5684,2.45,36.14,54.96,Low
2.0,4.38,151,3.06,8.6,4.68,0.6508,0.47,46.46,55.94,Medium
2.19,0.63,55,0.0,6.58,6.07,0.365,2.21,19.54,26.45,Low
4.66,2.42,127,1.07,6.95,7.68,0.607,3.13,33.9,41.19,Low
1.11,0.0,110,0.18,5.87,4.94,0.107,3.99,30.49,28.98,Low
3.24,0.21,81,0.0,5.18,6.14,0.3888,2.05,33.9,38.49,Low
0.94,0.0,30,0.0,6.17,6.47,0.1142,2.46,34.24,39.66,Low
4.26,1.72,112,0.97,6.8,4.24,0.4316,4.49,18.21,46.76,Low
3.18,0.0,11,0.35,7.2,10.31,0.2149,3.54,22.1,13.24,Low
1.49,0.3,61,0.71,4.71,4.69,0.3079,1.68,19.02,28.43,Low
5.93,3.17,249,1.54,6.63,3.75,0.5602,1.06,34.74,58.6,Medium
2.01,0.04,10,0.0,6.06,3.81,0.4118,3.24,32.24,10.44,Low
8.72,6.24,265,4.12,8.31,0.45,1.0,0.2,26.62,95.15,Medium
5.22,1.24,203,1.0,7.13,4.89,0.6544,2.94,43.56,54.94,Medium
3.46,3.56,184,1.38,7.0,3.49,0.4557,2.28,19.53,51.64,Medium
0.93,0.05,164,0.44,6.9,7.17,0.251,2.78,22.63,50.58,Low
6.15,3.77,212,2.73,6.63,3.55,0.6624,1.53,45.94,61.39,Medium
3.6,0.0,137,1.32,7.46,7.6,0.3154,1.54,30.4,37.06,Low
3.28,2.85,152,0.06,7.41,6.86,0.5679,3.43,34.01,57.55,Low
10.19,6.51,367,2.1,8.02,0.28,0.7959,0.99,30.99,98.99,Medium
3.05,2.24,209,1.39,8.23,5.26,0.432,1.62,19.08,51.52,Low
6.6,2.73,157,1.87,8.82,3.55,0.9095,1.58,45.16,74.13,Medium
3.58,1.19,110,0.07,7.39,6.98,0.4033,2.4,20.59,38.0,Low
3.89,0.76,233,1.78,4.57,5.07,0.5097,0.98,24.88,48.66,Low
8.09,4.4,303,2.57,9.15,2.63,1.0,0.9,48.49,77.69,Medium
2.13,2.09,166,0.54,7.32,5.58,0.141,1.57,16.37,33.06,Low
7.39,5.52,270,3.07,9.51,2.45,0.781,2.3,41.75,71.51,Medium
5.17,3.08,205,1.27,8.34,5.89,0.6014,0.9,33.97,74.4,Medium
1.98,0.18,106,1.8,7.98,6.81,0.4733,0.41,27.16,61.64,Low
5.05,3.59,112,0.88,8.02,5.1,0.714,0.0,27.98,75.41,Medium
4.09,3.48,181,2.3,8.57,4.63,0.6079,0.24,29.06,51.36,Medium
4.65,0.61,156,2.64,8.91,3.84,0.7242,3.17,22.33,45.13,Medium
0.52,0.43,57,0.0,6.39,7.83,0.1456,2.49,26.98,14.54,Low
2.24,0.89,127,0.14,5.38,4.46,0.4757,2.72,19.68,40.44,Low
3.22,2.83,143,1.72,6.63,7.27,0.3472,2.61,38.45,18.2,Low
3.78,0.79,177,1.87,7.27,0.94,0.4728,2.08,27.38,43.0,Medium
5.82,0.0,193,1.36,7.37,3.94,0.5751,1.74,22.52,73.38,Medium
5.4,2.55,212,0.55,6.09,6.44,0.6411,2.99,28.51,62.49,Medium
0.55,0.29,44,0.7,5.03,4.96,0.1807,2.55,19.21,24.88,Low
3.32,0.88,183,2.25,6.6,5.03,0.5718,3.29,41.99,51.37,Low
3.97,1.94,188,0.56,7.95,3.06,0.6728,2.44,29.36,64.83,Medium
4.53,5.59,222,0.48,8.54,3.61,0.6665,1.21,30.04,67.75,Medium
5.74,3.32,220,2.04,8.27,4.8,0.8049,1.18,49.52,60.88,Medium
4.74,3.98,256,2.17,8.26,4.05,0.6879,1.02,39.25,60.17,Medium
3.36,2.04,141,1.13,7.16,1.26,0.55,3.08,48.92,51.23,Low
3.31,0.0,100,1.49,5.57,3.64,0.451,1.62,42.24,35.63,Low
0.9,0.0,45,0.0,5.81,8.95,0.1704,1.7,12.82,22.89,Low
5.57,2.38,181,0.0,7.01,5.03,0.6109,2.19,42.05,53.48,Medium
3.75,1.91,148,0.83,6.71,7.31,0.5268,1.84,46.29,40.51,Low
4.05,2.29,207,1.27,7.18,7.12,0.5562,2.21,46.69,60.53,Medium
0.33,0.35,24,0.0,6.71,6.4,0.0929,4.27,33.5,35.68,Low
1.8,0.23,56,0.0,7.14,10.38,0.3505,3.24,34.27,40.74,Low
5.09,2.32,290,0.39,7.3,3.46,0.7287,1.71,32.24,58.12,Medium
4.61,2.43,208,0.56,5.46,3.62,0.5923,0.6,21.43,29.57,Medium
3.22,1.07,267,2.26,6.95,3.03,0.6363,1.3,29.89,64.9,Medium
3.63,0.0,141,2.03,7.05,1.57,0.3318,2.7,13.49,43.78,Low
4.42,2.78,202,1.97,7.99,7.37,0.4701,0.82,43.58,41.54,Medium
6.1,3.91,187,1.1,7.01,5.98,0.6677,3.86,31.86,51.5,Medium
6.2,1.17,72,0.0,7.15,4.25,0.4711,2.17,40.33,39.51,Low
4.61,0.75,64,1.47,7.28,4.51,0.3122,2.02,18.17,67.22,Low
1.87,0.6,180,1.14,6.8,5.84,0.4117,1.47,38.51,38.01,Low
3.02,1.09,81,0.97,7.53,4.21,0.4645,2.63,22.88,32.58,Low
1.25,0.0,120,0.0,6.32,2.83,0.372,0.93,15.61,51.88,Low
4.35,1.59,131,0.48,6.65,4.35,0.5519,4.1,47.38,55.06,Low
2.04,1.93,140,0.59,6.75,5.24,0.3415,3.46,38.68,21.63,Low
7.61,5.31,235,2.39,7.12,2.53,0.6782,2.61,38.4,75.46,Medium
1.55,0.24,26,0.9,6.96,6.68,0.2802,0.88,25.87,57.87,Low
3.49,2.48,153,0.97,6.34,7.42,0.3916,2.26,33.46,21.19,Low
2.36,0.0,57,0.91,6.96,5.2,0.4804,3.34,29.75,31.05,Low
8.98,4.83,232,2.23,7.64,3.09,0.7159,2.16,29.31,43.22,Medium
4.01,1.49,81,1.71,7.27,5.8,0.449,0.94,26.86,52.2,Low
8.26,3.86,176,2.08,7.15,4.28,0.8832,1.04,54.77,75.38,Medium
2.01,0.0,38,0.0,5.99,6.31,0.299,1.99,49.29,28.77,Low
5.11,3.72,93,1.0,7.21,4.74,0.3673,1.32,46.96,67.93,Medium
6.22,2.46,162,1.78,7.61,4.49,0.6014,3.26,39.23,71.65,Medium
4.64,2.75,156,1.45,7.04,3.18,0.5407,0.05,27.03,68.26,Medium
3.82,3.32,213,2.07,8.9,5.3,0.7455,2.34,27.35,77.58,Medium
2.63,1.07,188,0.89,5.95,7.92,0.2475,0.86,20.09,38.21,Low
7.83,3.93,336,3.2,7.65,1.8,0.8977,0.62,31.51,71.81,Medium
8.54,4.6,299,3.05,6.89,1.84,1.0,0.0,63.01,75.8,Medium
1.59,1.44,143,0.19,7.12,6.51,0.4756,1.56,46.25,42.25,Low
3.05,1.27,144,1.35,5.89,4.85,0.5466,3.64,35.24,43.94,Low
8.95,4.42,242,1.07,7.5,3.54,0.8359,1.83,27.66,70.95,Medium
8.66,4.45,217,1.4,7.49,2.88,0.8608,0.33,46.83,87.12,Medium
2.88,2.01,108,0.85,6.96,3.58,0.5512,3.17,25.0,38.86,Low
4.3,2.29,109,1.08,6.35,6.32,0.5261,3.36,6.37,34.38,Low
3.0,0.53,110,0.0,6.38,3.77,0.3595,2.19,31.46,37.08,Low
0.0,0.85,60,0.0,7.48,8.43,0.2944,4.44,14.86,36.38,Low
1.05,0.0,46,0.0,6.77,5.37,0.2498,3.1,17.33,22.19,Low
3.87,1.08,24,0.0,6.05,6.26,0.3496,2.98,22.48,32.93,Low
2.14,1.47,93,1.14,6.42,8.21,0.3941,1.43,21.18,51.76,Low
3.64,0.04,163,1.54,8.3,5.8,0.3547,2.64,29.48,52.41,Low
4.11,2.44,122,1.17,6.93,3.03,0.5347,2.15,30.35,52.77,Medium
9.39,3.86,311,1.8,7.22,1.15,0.8366,2.05,18.99,72.9,Medium
3.95,0.0,10,0.0,5.95,5.6,0.2567,1.61,40.21,24.73,Low
8.63,4.83,206,2.92,7.05,4.12,0.7283,1.83,25.09,56.19,Medium
3.38,1.03,123,1.3,6.42,5.86,0.5378,1.25,19.41,44.84,Low
4.26,1.12,121,0.4,5.95,3.81,0.487,0.0,26.47,51.97,Low
3.53,3.09,181,2.12,6.44,2.24,0.6574,2.8,32.29,69.6,Medium
3.53,1.0,135,0.05,5.78,7.11,0.4138,0.83,38.98,34.08,Low
3.36,2.43,147,1.08,7.66,4.15,0.6238,1.99,34.61,69.26,Medium
4.59,3.42,261,1.48,6.78,7.99,0.5534,2.28,36.5,68.55,Medium
3.67,3.27,207,0.8,7.08,4.32,0.5027,2.18,35.21,65.34,Medium
3.87,0.26,177,0.96,8.16,7.29,0.6249,1.63,33.76,66.59,Low
7.91,5.15,365,3.06,9.26,0.0,1.0,1.53,45.37,76.92,Medium
2.0,0.48,200,0.09,6.46,3.6,0.5008,2.66,7.48,28.94,Low
2.29,1.68,68,1.11,6.23,4.12,0.3985,2.89,24.85,47.21,Low
2.1,0.0,55,2.0,6.0,7.72,0.1937,3.92,38.51,27.24,Low
3.89,3.72,75,0.0,7.28,8.47,0.2189,2.4,66.65,38.76,Low
1.4,1.57,100,0.0,6.52,4.78,0.4461,2.26,14.77,48.15,Low
6.64,3.93,176,0.35,7.29,2.53,0.6808,0.74,40.18,81.97,Medium
8.3,5.31,265,2.02,7.06,1.12,0.8278,2.01,31.39,68.77,Medium
2.24,3.49,172,0.01,6.1,3.14,0.3973,2.84,47.62,34.94,Low
1.47,1.62,89,0.5,6.84,7.33,0.3168,2.06,12.3,40.72,Low
4.67,3.66,176,1.48,6.18,4.63,0.5846,2.4,38.61,46.34,Medium
4.31,1.3,81,0.0,7.52,5.84,0.303,1.87,13.17,39.98,Low
5.5,2.81,237,0.05,6.89,1.95,0.625,2.48,29.98,59.41,Medium
3.77,1.83,133,1.4,6.98,7.16,0.4821,2.85,30.67,52.76,Low
1.55,0.0,103,0.0,5.17,6.52,0.1596,3.35,33.12,28.15,Low
5.77,3.63,351,1.9,7.76,3.48,0.7771,1.65,26.97,64.87,Medium
8.41,3.34,304,1.11,7.64,0.12,0.8365,0.42,45.61,69.67,Medium
3.26,1.0,101,0.89,6.65,5.63,0.4697,1.57,27.12,33.34,Low
2.86,0.0,160,1.71,7.98,6.02,0.4095,2.71,30.79,27.98,Low
3.57,2.62,217,1.45,7.29,5.06,0.6595,4.36,41.01,57.71,Medium
3.6,2.47,145,0.59,6.53,4.73,0.7207,1.56,18.85,63.96,Medium
5.96,3.13,182,1.56,6.76,4.75,0.7172,2.26,41.4,67.84,Medium
9.5,4.49,258,1.52,8.48,0.29,0.9555,0.84,34.36,77.53,Medium
2.88,4.81,152,1.7,7.95,5.56,0.4973,1.08,40.07,39.24,Medium
2.95,2.16,113,0.43,6.83,6.37,0.4269,1.56,29.35,45.47,Low
0.0,0.0,10,0.0,6.86,7.42,0.2331,0.33,21.01,35.7,Low
1.84,1.14,73,0.17,7.12,6.2,0.4523,3.57,20.45,41.21,Low
3.9,1.34,93,1.34,8.12,3.14,0.5548,0.0,38.07,66.95,Medium
6.5,3.68,258,2.17,6.34,0.33,0.8229,1.2,51.58,76.65,Medium
1.84,0.0,131,0.37,7.27,2.46,0.4861,0.98,22.08,39.67,Low
3.65,2.77,139,0.2,7.9,5.89,0.5539,1.05,19.79,49.36,Low
4.32,1.29,137,1.44,5.92,6.27,0.4861,3.38,36.86,34.14,Low
6.15,4.75,180,1.43,6.89,4.48,0.6901,1.84,21.46,74.44,Medium
6.37,6.78,360,1.3,7.58,1.67,1.0,0.28,29.58,86.85,Medium
0.39,2.58,106,0.28,6.15,2.6,0.4935,1.57,16.72,47.14,Low
2.29,0.41,82,1.39,6.37,4.19,0.491,1.38,23.4,61.08,Low
6.64,4.04,226,1.53,7.72,3.69,0.7442,1.64,21.86,61.75,Medium
2.07,3.66,212,2.94,8.03,4.18,0.6963,1.97,14.02,36.85,Medium
7.09,4.3,265,2.82,8.79,1.9,0.9965,3.34,27.88,82.51,Medium
4.54,2.1,138,1.74,6.62,4.68,0.6018,0.0,39.34,60.43,Medium
4.95,3.07,193,0.61,6.14,5.56,0.3166,2.07,15.49,37.29,Low
4.72,3.11,172,1.42,8.35,4.3,0.7482,1.51,29.55,62.83,Medium
6.68,4.3,235,1.68,8.07,2.38,0.6688,2.61,55.01,74.49,Medium
5.81,2.41,256,1.41,7.48,5.24,0.5951,2.11,33.61,52.84,Medium
2.46,1.54,332,1.83,7.63,3.59,0.4218,2.44,35.96,54.6,Medium
7.06,3.03,186,1.1,7.51,1.4,0.7705,2.03,25.87,80.77,Medium
6.6,3.63,262,1.07,8.0,2.09,0.5717,0.72,57.48,60.32,Medium
7.37,3.01,232,1.21,7.42,2.4,0.7014,2.8,31.5,71.4,Medium
10.01,2.96,180,3.16,7.54,5.52,0.6886,2.6,30.96,33.49,Medium
1.16,0.06,108,1.29,5.71,5.19,0.5388,2.97,42.33,32.67,Low
6.36,1.1,117,1.36,6.52,4.5,0.4642,3.22,28.92,53.78,Low
6.07,4.48,245,1.12,7.06,1.32,0.7279,2.06,36.51,80.38,Medium
2.71,1.38,26,0.85,6.29,7.4,0.2494,3.73,23.1,24.13,Low
4.68,2.16,217,1.2,6.44,3.47,0.5189,2.27,29.1,56.28,Medium
2.7,0.39,121,0.86,6.38,5.44,0.448,1.9,31.74,40.34,Low
3.37,1.02,169,0.24,5.8,7.18,0.4556,1.98,35.67,59.96,Low
6.95,3.54,234,2.15,8.08,3.85,0.7313,1.59,29.96,57.0,Medium
2.56,2.93,151,0.81,7.03,2.27,0.3917,1.42,23.29,57.17,Low
4.99,3.0,165,0.42,5.66,2.28,0.6226,3.62,24.14,44.16,Medium
0.78,0.0,10,0.5,5.65,6.94,0.279,2.7,9.19,31.83,Low
4.14,1.97,195,0.37,7.64,2.06,0.7285,1.87,17.83,61.88,Medium
4.75,3.24,167,1.97,6.89,5.0,0.7581,2.19,36.2,57.16,Medium
9.84,4.42,287,3.28,7.52,1.82,0.8501,4.33,50.2,87.23,Medium
2.74,1.02,41,0.05,6.79,5.71,0.4026,0.96,37.17,45.82,Low
4.87,3.65,221,0.52,7.38,3.61,0.3543,1.09,7.28,51.96,Medium
3.62,3.2,142,1.02,5.98,7.24,0.8639,0.54,28.8,50.18,Medium
8.06,4.52,323,2.49,8.23,6.9,0.8005,1.29,26.87,74.44,Medium
4.63,0.59,185,0.8,6.31,4.73,0.5848,2.27,30.96,50.79,Low
6.78,2.63,121,1.57,7.13,5.11,0.432,1.45,27.22,44.29,Medium
5.01,3.97,155,2.9,7.28,4.23,0.7212,1.28,38.96,55.62,Medium
5.18,1.9,267,0.74,6.67,4.33,0.7231,2.09,30.74,42.25,Medium
3.22,2.68,184,0.0,5.96,4.42,0.4047,1.63,8.81,42.91,Low
5.94,3.58,164,1.82,6.87,3.08,0.4377,2.25,21.3,46.99,Medium
5.28,5.27,246,3.21,8.84,1.69,0.7008,2.79,35.43,73.81,Medium
2.84,0.77,43,0.49,5.4,7.15,0.072,2.98,25.77,41.33,Low
4.03,2.79,178,0.24,8.42,4.02,0.5228,2.84,16.61,42.77,Medium
2.52,2.36,65,0.34,6.44,2.18,0.4421,3.3,11.13,39.48,Low
6.5,4.24,164,1.06,7.63,3.87,0.7354,1.92,36.54,74.31,Medium
1.26,0.0,10,0.3,5.37,7.23,0.1669,2.3,8.35,25.4,Low
2.74,0.71,106,0.0,6.1,7.86,0.441,1.4,10.52,34.33,Low
5.01,2.8,135,1.06,6.79,4.99,0.6358,1.5,27.43,44.73,Medium
9.02,3.06,273,1.45,6.95,0.43,0.6471,1.01,32.94,82.03,Medium
5.05,1.76,102,1.05,6.8,1.75,0.4957,2.75,20.89,58.04,Medium
3.93,2.26,74,0.26,6.4,4.75,0.6326,2.51,20.19,39.59,Low
7.22,2.63,335,2.65,9.42,1.24,0.7427,2.13,39.54,85.88,Medium
0.04,1.36,44,0.0,5.34,8.59,0.2019,1.27,15.56,0.0,Low
0.75,0.0,10,0.0,5.98,8.28,0.2544,4.09,19.71,30.29,Low
5.93,2.2,220,1.85,7.42,6.04,0.6984,1.44,28.4,55.03,Medium
4.76,1.79,129,0.56,5.89,3.77,0.3482,1.05,29.17,43.89,Low
1.23,0.47,126,0.0,7.04,7.98,0.3164,1.87,33.68,31.48,Low
5.14,4.29,188,3.36,7.04,5.02,0.6415,4.27,41.93,74.58,Medium
2.52,3.35,152,1.58,5.13,1.61,0.474,1.54,44.1,43.05,Low
2.4,0.0,53,0.43,7.25,7.83,0.3798,1.84,35.56,56.28,Low
2.64,0.67,30,1.11,5.47,7.06,0.2159,2.19,25.98,34.76,Low
5.19,3.1,258,3.17,6.6,4.28,0.6858,1.59,30.03,69.31,Medium
6.07,3.06,254,1.4,7.88,2.73,0.5552,1.02,29.37,56.46,Medium
3.57,1.12,180,1.2,6.67,7.06,0.3525,2.17,20.73,35.43,Low
8.08,6.52,226,1.69,8.66,0.45,0.8652,2.52,39.28,87.0,Medium
0.48,1.43,108,0.03,7.43,7.85,0.4575,2.64,31.62,37.06,Low
1.05,0.0,10,0.0,5.72,8.52,0.2031,1.35,15.12,40.73,Low
0.0,0.0,131,0.59,7.29,4.58,0.3285,1.86,26.17,37.68,Low
3.68,1.55,132,1.23,6.37,8.04,0.5663,1.46,23.0,45.12,Low
2.53,2.8,198,1.64,8.91,4.98,0.5328,1.98,33.31,67.53,Medium
4.96,1.88,77,1.0,6.33,6.34,0.6386,3.4,23.3,65.5,Low
5.64,3.78,225,0.31,8.0,2.18,0.57,1.75,24.37,55.37,Medium
2.06,0.91,10,0.0,7.05,10.05,0.3197,2.29,16.94,23.7,Low
8.71,5.14,239,1.72,7.97,1.0,0.7133,3.34,42.25,79.76,Medium
2.7,2.2,104,0.71,6.42,6.66,0.5339,2.9,28.62,46.23,Low
8.33,2.29,169,2.73,7.44,1.83,0.751,2.24,31.3,72.75,Medium
5.8,2.32,181,0.34,5.45,3.56,0.5629,3.86,34.33,52.55,Medium
4.63,3.75,259,1.08,7.41,5.5,0.5412,2.35,28.14,72.49,Medium
6.5,2.8,302,2.22,7.56,5.69,0.5502,0.0,44.11,51.55,Medium
3.57,3.17,190,1.12,7.33,2.42,0.6178,2.7,22.5,61.52,Medium
4.3,2.65,246,1.88,4.94,5.67,0.6914,0.22,31.34,54.75,Medium
5.93,2.96,266,1.95,6.65,4.57,0.7531,2.05,22.6,67.12,Medium
3.76,2.17,186,1.36,6.5,3.3,0.568,0.23,27.51,48.83,Medium
4.15,3.37,193,1.38,7.59,6.33,0.638,1.32,16.75,68.02,Medium
5.29,1.21,151,1.46,7.19,2.95,0.4919,1.66,37.01,57.84,Medium
6.57,3.92,287,0.92,7.58,1.9,0.768,0.8,44.87,77.18,Medium
3.07,0.05,73,0.17,7.17,6.73,0.3665,1.85,34.46,38.77,Low
6.92,5.82,291,2.68,7.08,1.02,1.0,2.49,39.29,78.42,Medium
1.73,1.65,144,1.39,7.47,5.46,0.5231,1.3,21.0,58.37,Low
1.46,1.31,69,1.05,6.66,7.51,0.2784,2.97,14.84,37.83,Low
1.96,3.72,118,0.79,7.37,4.53,0.5694,1.0,45.94,25.02,Low
2.56,0.9,93,1.64,6.51,7.27,0.3375,2.01,40.95,37.06,Low
4.04,2.25,294,1.15,8.88,3.4,0.7975,2.07,35.43,60.37,Medium
5.08,0.0,144,1.54,7.07,6.33,0.3404,1.2,21.58,46.9,Low
4.2,0.0,168,1.3,6.0,7.39,0.5163,0.82,41.46,42.64,Low
0.35,0.0,10,0.0,6.25,9.02,0.0887,3.06,13.61,28.85,Low
4.61,2.7,127,0.88,7.38,6.86,0.3135,3.26,30.03,32.43,Low
0.0,0.0,10,0.0,5.32,6.91,0.0518,2.65,31.4,16.24,Low
1.48,0.01,86,0.23,7.08,8.16,0.0728,2.02,13.72,35.24,Low
5.76,0.92,133,1.43,7.69,2.54,0.7056,1.93,42.09,46.66,Medium
5.89,1.98,160,1.38,5.52,1.9,0.5377,1.82,39.13,86.92,Medium
6.38,3.53,236,2.44,7.45,4.25,0.5532,2.12,31.73,68.29,Medium
2.95,0.84,62,0.15,6.19,5.09,0.1634,0.0,15.23,35.51,Low
4.25,1.78,119,1.62,7.41,6.26,0.7729,0.95,22.52,41.0,Medium
2.01,2.56,100,0.82,7.75,6.23,0.3339,1.16,32.88,48.2,Low
0.53,1.9,35,1.41,6.58,3.88,0.2693,2.5,9.97,33.46,Low
6.86,4.03,214,1.66,9.08,1.5,0.915,1.73,38.82,76.96,Medium
5.87,3.39,304,1.21,7.3,1.49,0.7791,2.37,39.8,78.17,Medium
2.2,1.86,131,2.04,7.39,4.64,0.5409,2.32,38.75,41.92,Low
6.95,4.43,150,0.67,7.66,5.64,0.4737,0.69,16.15,56.03,Medium
6.24,0.21,190,2.45,7.03,4.32,0.6768,3.38,44.2,40.2,Medium
0.64,0.0,25,0.08,6.6,7.18,0.183,3.88,36.74,15.24,Low
3.59,1.51,168,0.68,6.4,7.32,0.4718,0.82,32.87,50.06,Low
2.38,1.54,138,0.0,6.32,2.57,0.3877,2.54,16.21,46.68,Low
0.85,0.0,45,0.18,5.45,8.36,0.2693,1.71,21.71,27.44,Low
3.53,1.53,116,0.86,7.05,4.61,0.3528,2.22,28.12,41.38,Low
7.9,5.41,325,3.37,8.16,2.19,0.9833,2.51,41.69,91.57,Medium
3.79,6.07,180,2.78,8.26,3.25,0.7594,3.94,33.42,71.23,Medium
3.26,1.95,104,0.0,7.35,8.17,0.2974,2.92,29.96,43.52,Low
4.96,2.01,212,2.1,7.06,2.29,0.5991,2.12,31.96,36.22,Medium
4.51,3.68,293,2.73,6.76,2.92,0.7655,1.24,39.65,96.1,Medium
4.82,2.93,153,2.6,7.81,4.4,0.6817,1.9,30.02,63.67,Medium
3.62,0.29,183,1.45,7.92,2.49,0.5184,3.34,26.92,47.77,Low
4.97,0.7,89,0.0,7.28,4.59,0.4653,2.15,21.01,35.07,Low
6.06,3.78,234,1.43,8.22,3.73,0.5649,0.9,52.66,64.24,Medium
3.18,1.32,213,0.39,7.03,3.08,0.4941,0.26,46.61,59.77,Medium
6.37,4.39,286,1.55,7.07,2.43,0.8027,2.24,40.03,72.93,Medium
3.41,3.44,255,2.29,6.73,3.52,0.5808,2.06,46.43,50.27,Medium
7.4,2.84,288,2.08,7.48,4.4,0.5836,1.04,43.23,62.62,Medium
2.36,1.06,165,1.49,6.67,5.29,0.3444,3.19,29.14,62.28,Low
6.52,5.57,267,2.33,7.82,4.64,0.7305,1.18,21.53,72.01,Medium
5.99,3.03,167,0.12,7.0,3.21,0.695,1.81,28.37,51.24,Medium
6.61,5.12,351,0.64,7.93,0.01,1.0,1.36,37.03,71.71,Medium
0.95,0.73,124,0.57,6.03,8.92,0.4769,1.86,15.22,44.72,Low
6.77,4.68,277,2.22,8.62,1.41,0.9292,1.72,23.82,86.35,Medium
5.64,1.79,182,0.38,7.16,2.74,0.6342,3.09,35.92,61.71,Medium
0.87,0.0,96,0.0,6.53,3.36,0.3009,1.05,29.99,37.64,Low
0.0,3.32,77,0.03,6.16,7.34,0.3834,2.63,15.91,46.35,Low
2.82,1.67,176,0.59,5.77,4.97,0.3369,2.27,20.94,61.91,Low
5.51,3.03,186,1.87,8.26,3.98,0.5638,2.03,43.73,67.07,Medium
6.49,2.73,274,1.57,7.71,3.98,0.673,2.71,23.84,50.0,Medium
2.3,0.4,39,1.83,5.41,7.38,0.3987,2.22,28.84,15.93,Low
3.46,1.78,126,0.15,7.6,4.77,0.6263,2.49,27.98,52.6,Low
9.67,3.61,323,3.42,8.81,5.3,0.8143,2.07,45.77,90.12,Medium
5.21,6.87,334,2.42,7.96,2.61,0.8955,0.98,30.08,65.02,Medium
4.41,1.42,201,1.9,8.5,5.94,0.4624,2.17,33.08,56.46,Medium
4.3,1.03,165,0.68,7.19,6.15,0.517,1.74,31.88,47.93,Low
4.78,1.74,115,1.95,5.93,4.77,0.598,1.83,32.9,52.84,Low
4.62,4.21,153,1.73,7.6,3.2,0.6013,1.49,33.86,53.76,Medium
2.0,0.48,81,0.0,6.68,7.03,0.3506,2.78,28.33,47.56,Low
0.5,0.38,75,0.78,6.39,6.15,0.3526,2.16,50.63,47.62,Low
0.0,0.75,10,0.0,6.62,6.64,0.0,2.9,47.27,16.18,Low
5.34,3.33,202,1.71,5.87,4.65,0.6355,1.86,25.6,65.16,Medium
4.12,3.51,162,0.57,8.12,5.88,0.8038,0.2,10.05,47.07,Medium
3.1,1.99,176,0.59,6.06,8.83,0.3038,2.18,33.54,55.6,Low
7.68,6.76,325,2.58,7.0,3.92,0.937,1.59,39.73,83.52,Medium
1.14,2.35,10,0.05,6.3,9.63,0.2592,2.61,34.48,45.51,Low
1.28,0.0,10,0.91,6.61,6.25,0.0736,1.85,25.53,26.45,Low
3.29,3.96,77,1.8,7.24,5.72,0.4317,0.74,31.71,48.41,Low
5.85,3.95,202,1.83,6.93,5.44,0.711,2.31,46.52,66.55,Medium
8.1,5.02,315,2.52,7.44,1.13,0.7963,1.22,51.11,74.41,Medium
3.27,0.0,97,0.87,5.86,4.96,0.2769,2.31,13.84,36.59,Low
5.45,3.45,255,2.19,7.36,5.99,0.5463,1.39,27.23,60.64,Medium
4.19,1.13,86,0.0,7.84,3.6,0.4076,2.01,28.75,45.76,Low
4.51,2.57,168,0.62,6.91,3.25,0.4849,1.6,30.12,35.71,Medium
3.31,4.4,198,0.52,8.13,5.97,0.6761,0.77,32.16,70.03,Medium
6.7,0.9,203,2.54,8.49,5.82,0.5803,2.28,37.6,59.26,Medium
0.44,0.0,20,0.0,5.74,8.01,0.2049,1.87,32.08,23.27,Low
7.46,5.34,217,2.03,7.59,2.72,0.8993,1.72,54.61,61.04,Medium
8.2,3.88,214,2.82,9.43,2.27,0.8154,2.0,42.69,59.1,Medium
1.1,1.79,139,0.84,7.84,6.36,0.3628,1.6,18.35,59.98,Low
3.94,2.94,198,0.41,5.86,6.78,0.672,0.68,30.51,49.66,Low
4.64,3.08,232,1.34,7.56,4.62,0.5028,4.28,31.72,63.52,Medium
3.58,2.12,184,0.94,7.13,7.86,0.5296,1.39,36.45,55.54,Low
4.98,0.0,112,0.0,7.39,4.48,0.3698,2.79,31.13,13.99,Low
1.63,0.0,27,0.0,6.07,5.98,0.242,4.14,47.15,57.85,Low
3.28,2.67,137,0.83,6.32,4.48,0.4529,2.8,25.26,56.46,Low
6.59,3.78,243,1.85,7.05,1.61,0.527,1.35,39.71,59.91,Medium
3.64,2.68,272,0.25,6.81,3.95,0.7999,1.77,56.27,57.87,Medium
2.78,1.02,148,1.62,7.47,6.18,0.3321,1.28,22.29,32.95,Low
5.92,2.85,273,1.54,6.44,4.63,0.813,2.65,35.31,79.84,Medium
0.0,0.0,10,0.0,5.08,12.53,0.0,3.42,6.31,0.0,Low
6.19,3.39,213,2.24,6.14,3.97,0.7862,1.14,36.56,62.0,Medium
0.0,0.0,16,0.0,6.94,9.33,0.1032,1.48,13.5,16.61,Low
1.46,2.2,130,1.08,7.84,5.64,0.4483,0.79,38.66,45.37,Low
2.15,0.12,23,0.0,6.18,9.2,0.3411,3.32,25.87,46.91,Low
3.52,0.09,31,0.0,6.11,10.54,0.3075,2.51,14.17,48.47,Low
6.34,5.35,235,2.39,7.94,4.06,0.8096,1.87,44.21,63.42,Medium
3.33,1.28,177,1.82,7.95,4.21,0.3696,1.32,29.46,46.77,Low
5.52,2.81,94,1.86,7.5,3.66,0.5213,0.43,41.26,56.02,Medium
2.38,0.75,194,1.7,6.42,5.49,0.3312,2.98,18.29,39.48,Low
7.0,2.5,151,0.97,5.94,4.97,0.6477,1.9,36.07,81.38,Medium
4.4,2.72,101,0.0,6.15,5.93,0.6236,2.88,38.12,64.78,Low
3.39,0.0,95,1.17,6.42,7.61,0.405,2.0,19.35,32.65,Low
5.11,3.7,259,3.44,6.97,3.52,0.7298,1.46,22.39,80.76,Medium
5.19,1.36,161,1.84,6.91,4.79,0.3246,2.86,27.12,54.71,Low
1.82,0.0,58,0.0,5.78,7.94,0.019,3.2,34.5,27.47,Low
3.81,2.39,198,0.0,5.94,8.42,0.5185,2.93,39.12,46.84,Low
7.28,4.59,292,1.35,6.81,4.28,0.6205,1.25,33.22,87.63,Medium
5.4,4.75,212,0.33,8.67,4.53,0.636,2.36,21.42,53.29,Medium
4.74,0.48,136,0.64,7.54,7.07,0.4078,3.21,23.94,61.51,Low
3.47,1.61,172,2.01,8.21,4.97,0.4232,2.0,23.57,42.51,Low
1.0,1.6,93,0.63,7.27,4.72,0.4393,1.58,32.86,60.42,Low
6.81,4.05,290,2.9,7.69,0.76,0.9292,2.72,39.33,81.1,Medium
4.54,3.53,168,2.41,8.25,4.24,0.3349,1.23,24.38,59.11,Medium
5.23,4.97,100,1.02,7.19,3.72,0.5875,2.5,43.19,56.11,Medium
5.99,3.53,238,3.45,7.69,5.27,0.4831,1.63,36.56,60.14,Medium
5.94,2.86,94,2.78,7.09,3.93,0.621,0.09,35.55,50.88,Medium
1.14,1.7,131,0.69,4.51,4.18,0.3927,3.21,11.45,59.91,Low
3.78,0.99,169,0.38,8.19,8.21,0.245,0.0,4.78,23.91,Low
1.68,0.07,125,1.5,7.36,4.43,0.4043,0.04,15.27,36.54,Low
4.84,1.24,214,0.69,7.25,5.29,0.4355,2.54,25.01,42.19,Low
5.34,1.7,150,0.66,7.31,4.59,0.7646,2.31,39.4,50.13,Medium
4.61,3.78,202,2.07,7.16,3.22,0.5301,1.35,6.84,65.88,Medium
4.43,2.98,236,2.56,6.89,5.75,0.681,1.93,49.59,73.57,Medium
5.37,1.53,75,1.06,7.45,6.08,0.602,0.0,31.3,54.71,Medium
5.41,3.01,265,0.05,5.99,7.22,0.5061,2.68,44.0,44.8,Medium
0.7,0.0,10,0.0,6.15,6.98,0.1758,2.85,11.15,33.38,Low
5.68,2.61,188,1.82,7.91,3.77,0.7517,1.68,39.62,47.86,Medium
5.39,2.59,121,0.88,7.01,4.54,0.4407,1.92,32.58,76.62,Medium
5.15,4.53,221,1.53,7.8,3.9,0.8469,2.19,43.17,58.12,Medium
0.0,0.0,10,0.0,4.76,7.16,0.0,2.84,13.18,3.94,Low
10.16,5.38,321,3.26,7.27,2.03,1.0,0.0,45.17,77.03,Medium
5.01,1.87,127,1.99,7.12,3.07,0.3204,4.24,40.32,37.18,Low
5.34,4.06,264,1.09,8.1,3.88,0.7818,2.87,29.03,85.87,Medium
2.35,0.64,51,0.0,4.98,3.37,0.4782,1.03,27.22,42.29,Low
3.67,1.89,122,2.1,7.72,1.3,0.6013,1.47,14.19,71.35,Medium
2.58,0.47,60,0.52,6.04,7.81,0.2637,2.08,31.76,21.96,Low
3.29,0.0,10,1.73,6.53,5.12,0.4363,3.27,46.43,42.45,Low
5.58,4.95,317,2.87,6.89,0.65,0.8499,0.0,27.13,83.92,Medium
2.22,1.23,96,2.33,6.22,7.19,0.6437,1.56,28.13,49.85,Low
4.1,4.87,174,1.61,7.88,5.17,0.5627,0.17,39.89,41.66,Medium
5.38,3.27,272,2.55,7.46,5.0,0.642,1.45,34.66,73.81,Medium
3.54,1.34,152,1.14,6.94,4.01,0.5451,1.38,34.13,58.65,Low
4.77,2.09,204,1.13,6.98,8.79,0.4368,2.03,26.84,42.71,Low
5.03,3.07,162,2.02,7.57,3.55,0.5102,1.29,27.54,36.92,Medium
8.57,7.28,412,4.21,8.55,4.01,0.9456,0.53,41.15,92.12,High
2.98,1.32,131,1.54,6.91,4.99,0.4397,2.64,30.13,73.64,Low
5.66,0.72,132,1.09,7.97,2.22,0.4744,2.39,19.19,42.86,Medium
8.09,4.39,262,2.94,8.3,4.15,0.92,2.24,34.59,67.46,Medium
5.63,2.28,221,0.13,7.88,3.81,0.6181,1.49,51.21,77.69,Medium
5.64,3.34,211,0.81,7.64,1.64,0.7521,1.07,31.74,55.11,Medium
5.87,2.7,182,2.06,7.85,2.66,0.687,1.69,20.82,54.78,Medium
1.28,0.22,57,0.1,6.68,6.68,0.3344,2.84,22.77,24.25,Low
7.1,5.14,334,2.79,8.67,3.07,0.8208,0.0,31.02,84.35,Medium
2.59,0.0,10,0.13,7.15,3.01,0.2467,2.74,10.88,46.06,Low
2.31,2.18,175,1.7,6.34,6.13,0.6057,2.22,32.9,56.13,Low
4.07,0.85,115,0.0,5.75,5.39,0.3758,2.29,19.13,30.27,Low
3.96,2.05,153,1.41,6.41,3.1,0.4613,1.87,23.43,44.61,Low
4.16,2.59,229,2.06,7.95,5.92,0.4096,0.0,33.18,48.63,Medium
4.54,2.92,173,2.23,5.9,4.48,0.5175,1.46,16.28,45.05,Medium
4.8,3.48,176,2.95,7.53,6.19,0.4697,3.66,14.69,55.31,Medium
5.15,4.81,303,2.49,8.1,3.24,0.756,1.53,44.78,79.95,Medium
6.7,3.13,190,1.58,8.16,4.32,0.594,1.56,12.96,61.71,Medium
3.56,0.05,115,0.0,7.02,5.14,0.487,2.09,19.01,46.26,Low
6.46,3.5,248,1.35,6.41,4.28,0.8709,2.07,16.82,65.03,Medium
7.52,4.26,219,1.8,6.83,2.6,0.6842,2.3,31.09,67.03,Medium
0.32,0.89,27,0.86,5.44,5.56,0.3319,2.14,28.14,18.61,Low
5.76,2.2,177,0.99,6.87,5.02,0.6501,2.25,34.11,60.56,Medium
5.08,2.39,260,2.2,7.2,3.73,0.7698,3.47,57.42,54.68,Medium
4.42,0.98,10,0.76,5.92,5.5,0.4981,3.1,39.38,32.06,Low
4.2,4.6,276,1.96,8.86,4.57,0.6743,3.93,27.57,74.34,Medium
3.58,2.81,139,1.08,5.86,5.05,0.2977,1.39,17.28,41.63,Low
3.53,1.78,93,0.79,8.14,4.83,0.5562,3.64,57.69,54.16,Low
4.17,2.65,149,0.52,7.86,4.36,0.4125,1.26,39.76,55.88,Low
4.6,2.15,170,0.0,7.73,5.62,0.4051,2.35,35.97,40.73,Low
0.96,0.23,86,0.0,5.9,7.17,0.154,3.06,25.27,34.48,Low
0.27,0.0,10,0.0,6.55,8.51,0.2281,1.92,25.53,10.3,Low
7.06,5.14,332,1.86,6.78,1.74,0.9697,1.61,23.15,89.24,Medium
1.23,1.06,53,0.66,7.31,5.58,0.2897,3.16,27.34,23.7,Low
3.03,2.79,98,0.73,6.45,7.68,0.3607,1.59,25.76,29.98,Low
0.0,0.0,10,0.0,5.6,8.61,0.0591,4.32,10.19,31.08,Low
0.0,1.56,64,1.29,5.7,4.6,0.2433,0.81,21.42,38.07,Low
0.9,0.0,71,0.4,4.36,8.94,0.3089,4.34,38.54,18.18,Low
6.04,3.59,266,2.08,6.99,0.0,0.7189,2.51,36.96,81.76,Medium
4.06,3.5,148,1.44,8.4,4.66,0.7041,1.61,55.76,72.05,Medium
1.14,1.11,142,0.7,6.33,4.13,0.3282,1.8,9.15,33.35,Low
8.64,8.3,299,3.26,7.99,4.45,1.0,0.82,36.04,78.54,Medium
7.56,3.29,194,2.9,8.02,1.21,0.5905,1.57,19.44,60.37,Medium
3.73,0.38,108,1.69,8.28,7.22,0.4741,2.05,16.28,43.06,Low
0.0,0.0,10,0.0,6.81,8.63,0.0,4.01,9.22,0.0,Low
9.13,3.36,331,2.75,7.37,1.01,0.9071,3.28,44.61,82.55,Medium
0.67,0.0,61,0.43,4.75,7.36,0.0,2.62,25.72,47.0,Low
0.0,0.0,10,0.54,8.06,8.42,0.3801,1.65,14.98,16.36,Low
4.66,4.33,202,2.57,9.33,2.11,0.7596,1.15,12.83,59.5,Medium
6.78,6.63,341,2.9,8.37,0.12,0.9112,1.08,56.98,74.76,Medium
6.3,3.57,337,1.1,6.68,3.9,0.6644,0.55,34.06,76.89,Medium
5.32,2.7,191,0.65,8.05,1.59,0.5632,0.65,21.66,70.49,Medium
5.07,2.13,241,1.69,7.21,3.23,0.6906,3.92,35.72,70.72,Medium
5.21,2.15,220,1.96,7.34,8.28,0.4815,2.05,36.31,50.32,Medium
4.38,3.45,191,0.73,8.1,2.41,0.6376,0.94,30.57,66.38,Medium
5.29,1.15,163,1.26,7.41,6.3,0.7333,2.73,32.89,68.56,Medium
2.63,1.74,152,1.59,6.1,3.96,0.4074,0.79,18.97,56.66,Low
4.81,0.91,169,0.03,6.71,5.86,0.4955,0.92,37.29,53.85,Low
1.29,1.42,145,1.28,7.15,7.11,0.5695,1.42,16.26,33.97,Low
2.54,3.38,142,0.47,7.27,7.11,0.5071,3.74,22.54,47.99,Low
0.0,0.0,62,0.65,6.36,7.24,0.174,2.26,28.02,36.97,Low
3.2,0.0,104,0.49,7.7,8.13,0.531,0.0,41.55,51.81,Low
3.19,0.39,54,0.0,6.22,5.6,0.2622,3.51,40.91,22.69,Low
2.41,0.36,33,0.0,6.59,7.01,0.4092,2.02,35.04,28.89,Low
5.53,2.49,177,1.07,4.39,5.1,0.496,0.1,27.66,64.79,Medium
7.41,3.64,247,1.8,7.34,1.23,0.5825,1.27,21.55,74.13,Medium
4.51,3.18,253,1.56,8.07,3.19,0.6445,2.25,48.64,64.97,Medium
0.46,0.01,10,0.01,5.9,7.6,0.0892,2.88,35.85,20.9,Low
1.08,1.56,73,0.07,6.13,5.84,0.274,4.1,18.33,47.04,Low
7.48,1.46,253,1.7,6.64,7.25,0.6622,0.87,43.92,80.74,Medium
0.6,0.16,10,0.0,7.31,5.22,0.4232,2.34,21.77,47.89,Low
4.62,1.88,217,1.13,7.33,7.11,0.5246,1.37,43.89,61.06,Medium
6.17,1.91,183,1.37,7.94,5.46,0.6363,0.29,27.6,54.66,Medium
4.26,2.28,10,1.51,5.13,6.43,0.306,3.18,44.94,30.47,Low
3.72,1.52,165,0.33,6.92,3.54,0.4152,2.43,38.39,50.02,Low
2.19,0.0,45,0.0,6.11,5.85,0.0151,2.68,41.31,30.38,Low
5.54,1.65,99,1.01,6.47,5.13,0.391,2.61,22.36,55.29,Low
3.9,1.89,215,1.53,6.67,1.84,0.6434,1.22,35.65,66.46,Medium
0.0,0.0,52,0.0,5.93,5.88,0.1706,1.47,12.34,31.49,Low
2.62,2.23,197,0.13,7.9,2.12,0.5346,1.91,40.64,42.3,Low
4.82,3.0,166,2.21,5.46,7.05,0.5425,3.17,38.89,32.83,Low
2.85,2.49,190,2.57,8.7,5.1,0.6022,3.44,56.73,60.69,Medium
4.0,1.49,239,0.0,7.5,5.84,0.7134,2.73,35.94,62.16,Medium
7.25,4.97,200,1.72,7.65,3.84,0.8961,1.62,44.06,69.67,Medium
4.47,1.86,166,2.43,7.79,5.06,0.621,2.23,25.92,71.03,Medium
3.65,0.85,118,0.28,5.62,7.84,0.4899,2.14,33.27,32.73,Low
4.51,2.33,192,0.71,6.53,3.9,0.3954,0.94,26.81,39.75,Low
6.62,3.59,160,1.21,7.17,4.35,0.675,1.86,33.88,51.51,Medium
2.95,4.46,84,0.14,8.12,6.05,0.5474,0.65,31.99,43.71,Low
3.27,2.89,160,0.0,6.98,2.96,0.5688,1.86,26.68,55.87,Low
1.67,2.11,105,1.28,7.01,10.7,0.4089,3.85,27.12,35.25,Low
3.67,0.5,157,0.0,6.2,6.04,0.4127,3.02,22.93,24.58,Low
2.28,0.0,10,0.08,6.69,7.32,0.4896,1.5,19.19,37.88,Low
8.04,4.69,336,3.11,9.22,4.26,0.8423,1.4,49.51,58.64,Medium
2.93,0.24,145,0.0,7.17,8.24,0.3449,1.54,25.53,20.63,Low
1.2,0.0,79,0.0,6.59,6.1,0.3143,2.15,30.01,23.38,Low
4.56,0.75,41,1.4,7.18,6.27,0.4354,3.26,11.83,41.3,Low
7.62,3.74,205,2.14,7.91,1.4,0.7729,2.38,38.71,65.28,Medium
4.29,1.92,127,0.27,7.26,4.61,0.4775,4.57,33.83,64.74,Low
8.63,4.38,272,2.96,8.51,3.9,0.9165,2.82,32.26,77.85,Medium
0.67,1.28,72,1.43,7.55,6.68,0.2769,2.41,47.48,54.31,Low
3.93,1.91,235,1.44,7.04,6.41,0.5071,2.59,8.5,57.07,Low
1.45,0.23,39,0.0,7.1,6.07,0.3542,2.05,33.67,27.7,Low
9.16,4.02,252,2.39,7.77,0.0,1.0,0.23,47.85,83.46,Medium
0.36,2.0,99,0.28,5.67,8.37,0.2804,3.66,29.48,38.11,Low
5.53,2.48,84,1.1,6.94,6.69,0.6905,2.92,33.31,61.69,Medium
6.91,2.73,193,2.26,7.26,5.4,0.5606,1.57,38.68,54.78,Medium
5.66,1.69,308,0.11,5.88,4.13,0.4687,2.15,40.75,61.09,Medium
3.97,4.66,135,0.0,7.6,6.84,0.4938,3.3,21.81,37.89,Low
2.55,0.73,95,1.04,4.72,10.34,0.4663,2.89,32.34,37.62,Low
3.07,1.64,151,0.64,9.19,5.11,0.563,0.52,28.39,39.5,Low
5.21,2.2,136,0.38,8.13,3.25,0.4679,2.29,18.33,48.04,Medium
6.86,4.05,234,0.36,7.27,2.67,0.6588,1.54,41.99,52.68,Medium
8.37,6.27,353,2.78,8.11,2.62,0.9346,2.45,35.41,78.91,Medium
2.38,2.97,64,0.51,6.96,3.43,0.3914,3.2,12.23,50.67,Low
0.0,0.45,108,0.43,5.84,7.31,0.1955,3.73,17.76,19.16,Low
2.54,0.81,153,0.98,7.11,5.7,0.462,0.91,21.57,43.63,Low
11.45,5.61,385,2.96,8.17,3.43,0.9756,0.44,53.18,89.41,High
0.86,1.1,61,1.3,6.52,8.17,0.4249,3.36,27.51,40.41,Low
7.51,6.53,333,1.26,7.96,3.84,0.8472,0.92,52.02,69.59,Medium
8.56,3.12,274,2.77,6.79,0.0,1.0,0.0,31.72,83.03,Medium
1.39,2.37,117,0.0,6.75,7.21,0.4054,2.7,35.97,47.6,Low
5.36,3.03,158,0.78,7.42,5.2,0.5587,1.28,61.24,69.93,Medium
8.38,5.28,240,1.33,7.92,2.94,1.0,3.3,41.7,73.61,Medium
3.26,1.33,147,1.32,6.64,2.97,0.4655,2.41,36.72,39.18,Low
7.03,0.85,116,0.78,7.81,4.14,0.5583,2.22,35.92,40.12,Medium
0.83,1.88,69,0.52,6.43,4.12,0.4429,1.81,12.87,44.35,Low
3.24,1.13,43,0.0,6.67,3.5,0.3593,3.9,30.78,31.01,Low
2.49,2.0,126,0.24,7.71,5.97,0.4237,2.55,29.82,34.57,Low
2.48,0.15,27,0.0,6.32,5.64,0.145,1.96,21.28,27.16,Low
4.6,1.45,148,1.33,7.19,8.89,0.5436,1.2,21.33,43.67,Low
1.58,0.0,89,0.0,6.54,5.9,0.2135,2.16,33.09,40.44,Low
4.74,3.17,92,2.25,8.11,6.59,0.5293,0.95,21.44,39.38,Medium
0.0,0.09,10,0.0,6.02,4.98,0.1163,3.5,43.56,29.69,Low
5.39,1.53,190,0.62,8.19,3.71,0.6019,0.09,32.8,61.73,Medium
6.02,2.71,187,3.01,7.33,3.9,0.7001,1.61,21.93,56.69,Medium
0.78,0.0,33,0.0,5.32,6.63,0.1494,3.21,14.89,39.31,Low
6.02,1.08,219,0.25,7.73,3.81,0.6035,2.23,29.09,55.79,Medium
6.9,3.02,277,2.16,7.37,2.83,0.6849,0.91,60.26,52.8,Medium
1.76,0.0,126,0.0,6.89,6.46,0.232,3.02,15.11,29.04,Low
6.29,4.1,280,1.67,5.65,5.27,0.9266,0.61,37.2,75.72,Medium
3.98,1.89,209,0.46,7.21,4.94,0.6906,1.85,26.72,60.77,Medium
4.01,0.0,70,2.65,6.28,6.78,0.2443,2.86,31.47,36.85,Low
5.61,3.94,244,0.75,6.12,5.89,0.3358,2.48,24.5,39.05,Medium
4.83,4.09,274,0.0,6.84,5.08,0.539,1.16,21.4,47.43,Medium
4.21,1.33,157,2.26,6.58,4.76,0.6197,3.17,28.43,44.6,Low
3.99,3.08,209,1.92,7.23,3.71,0.7292,1.93,29.7,52.5,Medium
3.57,1.04,131,0.0,5.45,6.63,0.2234,3.02,19.47,24.84,Low
5.14,3.45,158,0.39,7.34,6.48,0.5646,3.48,25.46,45.21,Medium
3.5,0.0,11,0.41,7.39,8.81,0.4007,3.54,34.78,35.39,Low
2.72,2.93,176,0.71,7.17,4.81,0.5193,3.15,26.25,64.82,Low
1.74,0.1,81,0.0,7.2,7.51,0.4614,2.46,14.14,44.0,Low
2.81,0.0,98,1.84,7.51,5.81,0.4528,3.01,21.7,52.03,Low
7.25,4.58,216,1.64,8.61,3.2,0.6562,1.84,36.72,78.28,Medium
5.92,4.93,169,3.07,9.04,2.65,0.6993,0.46,22.09,74.7,Medium
4.17,5.5,208,2.51,6.91,3.81,0.6253,2.12,49.31,55.76,Medium
2.87,0.0,99,0.0,5.88,8.65,0.292,2.58,33.21,35.02,Low
4.23,2.22,116,1.57,7.47,5.61,0.5284,2.68,42.72,41.05,Low
5.33,3.41,305,1.45,8.17,3.38,0.7835,1.51,39.99,66.01,Medium
5.91,3.0,133,0.0,7.69,2.62,0.2347,1.2,9.77,52.81,Medium
10.04,4.01,293,2.52,9.67,1.06,0.8326,1.96,56.95,91.93,Medium
4.95,1.33,179,1.63,7.21,4.05,0.3599,0.57,23.33,60.13,Medium
4.48,1.51,162,0.78,7.44,3.47,0.5559,3.4,23.14,51.26,Low
4.05,1.62,156,0.51,6.06,5.5,0.4622,1.86,30.02,45.92,Low
3.23,1.56,130,2.02,8.78,4.16,0.555,2.21,44.45,56.34,Medium
3.73,2.43,193,0.96,6.65,5.35,0.3736,2.6,39.77,54.39,Low
2.83,4.09,285,0.89,7.11,4.12,0.709,2.38,42.6,45.43,Medium
6.97,4.03,225,2.33,7.2,2.13,0.763,0.3,31.67,53.58,Medium
0.55,2.44,137,0.53,6.09,5.58,0.2173,3.06,22.79,49.28,Low
3.14,0.42,10,0.0,5.75,7.11,0.0871,2.7,26.8,29.42,Low
0.0,0.0,46,0.0,5.66,9.53,0.1327,1.92,19.52,18.22,Low
4.76,4.13,233,1.72,6.16,4.62,0.7808,1.1,41.43,54.98,Medium
1.04,0.0,96,0.13,5.82,5.66,0.4493,2.0,32.78,30.81,Low
0.0,0.0,10,0.0,7.48,8.83,0.1258,1.35,25.15,23.29,Low
6.48,4.16,63,0.77,7.78,6.98,0.5047,3.61,6.68,44.75,Medium
6.0,6.2,324,3.26,8.99,2.64,1.0,2.74,43.74,87.64,Medium
5.52,0.49,124,0.0,7.94,5.83,0.4535,2.45,28.88,52.37,Low
6.08,2.34,178,2.0,8.89,4.83,0.5909,1.53,35.87,66.54,Medium
2.72,3.45,161,2.63,5.62,7.04,0.302,1.78,22.87,53.46,Low
2.51,1.68,125,0.13,5.97,6.76,0.4905,2.79,16.26,53.68,Low
7.85,3.46,191,1.13,6.82,4.47,0.6208,3.48,39.23,58.06,Medium
2.28,2.32,84,0.2,6.48,7.04,0.4516,1.52,24.99,36.23,Low
3.15,3.1,143,1.32,6.89,2.98,0.3235,0.8,37.08,78.58,Low
6.01,2.76,221,0.41,6.8,2.26,0.5813,3.45,24.9,51.81,Medium
3.07,0.79,70,0.8,6.84,6.24,0.1233,0.41,40.82,38.13,Low
4.86,3.18,209,2.47,7.52,3.61,0.8072,0.69,44.97,71.66,Medium
3.91,2.6,118,1.29,6.33,4.45,0.5172,1.81,32.09,63.34,Low
1.26,1.42,103,0.0,4.88,7.37,0.321,0.67,24.09,33.22,Low
6.39,2.55,211,2.23,6.47,1.4,0.6636,2.95,41.21,48.06,Medium
3.48,1.73,10,1.03,6.11,5.55,0.2225,3.13,29.43,24.1,Low
4.69,1.91,193,1.69,6.82,4.23,0.5129,1.42,32.53,66.35,Medium
4.42,1.13,207,1.29,6.09,2.56,0.5777,3.28,40.38,39.48,Medium
8.29,2.87,195,2.04,7.15,5.61,0.4078,3.12,49.69,66.01,Medium
4.95,1.73,149,2.21,6.33,2.25,0.5502,1.74,19.85,47.35,Medium
2.53,1.69,130,2.52,6.89,4.16,0.4927,1.56,19.37,35.14,Low
6.17,4.46,185,0.89,6.55,5.14,0.6439,4.01,26.29,59.34,Medium
9.28,3.28,270,2.97,7.02,3.88,0.9238,2.3,21.93,61.48,Medium
3.9,3.03,117,1.38,6.23,2.5,0.4992,2.09,32.16,51.45,Low
3.59,1.36,106,0.9,6.88,6.01,0.44,3.36,36.05,70.22,Low
1.88,0.0,107,0.0,5.65,7.4,0.046,2.7,23.23,34.57,Low
1.81,0.0,28,0.0,7.19,10.1,0.438,1.81,19.33,43.34,Low
2.21,1.32,175,0.0,7.17,6.06,0.4143,2.17,39.74,53.67,Low
4.13,0.89,115,0.14,6.64,5.7,0.3343,3.22,28.36,39.85,Low
6.41,2.26,63,0.0,6.27,4.0,0.4574,0.06,32.49,42.8,Low
4.35,2.31,180,0.69,7.33,3.8,0.575,1.69,41.83,53.34,Medium
3.97,1.6,188,1.1,7.82,2.97,0.6407,3.22,31.42,59.63,Medium
2.0,2.98,126,1.02,7.08,7.16,0.7507,1.51,50.25,43.25,Low
5.28,2.94,199,0.1,8.53,4.3,0.6427,3.4,27.95,58.6,Medium
5.45,2.3,174,0.0,7.4,5.75,0.4664,3.4,50.3,43.9,Low
0.62,0.0,20,0.0,6.74,10.23,0.0488,2.53,10.38,18.65,Low
2.12,0.07,122,0.0,6.64,2.87,0.2729,1.71,30.48,32.56,Low
3.0,2.0,155,1.74,7.47,7.13,0.321,1.76,22.85,35.15,Low
0.27,0.66,10,0.21,5.76,6.9,0.262,5.03,35.15,8.34,Low
6.2,1.15,179,1.97,6.93,4.75,0.6983,3.69,28.22,49.61,Medium
8.16,3.76,390,3.35,8.04,1.46,0.7448,1.67,40.56,91.0,Medium
4.58,3.57,276,1.73,7.88,2.04,0.663,1.03,29.59,65.18,Medium
5.48,1.94,228,0.37,7.3,6.05,0.6089,2.18,38.31,54.56,Medium
7.67,5.43,325,2.89,8.63,6.34,0.6555,1.8,30.9,51.12,Medium
5.98,1.45,172,1.53,5.93,6.28,0.323,0.71,47.58,42.15,Low
1.72,1.0,135,0.58,6.05,7.4,0.3173,2.18,18.35,31.4,Low
1.13,0.57,99,1.62,6.88,5.63,0.2233,3.51,13.48,38.78,Low
3.22,0.74,56,0.59,6.27,4.55,0.4781,0.29,38.0,69.68,Low
3.83,1.07,120,0.72,9.51,4.41,0.3863,2.94,22.14,48.78,Low
6.5,3.03,212,1.15,7.5,4.01,0.5121,3.32,30.78,69.51,Medium
5.17,1.19,139,0.38,7.02,1.68,0.6474,1.39,27.58,49.86,Medium
3.71,2.43,167,1.06,6.59,3.91,0.4315,3.69,16.89,63.69,Low
3.64,0.95,219,2.47,6.83,3.5,0.6649,1.18,31.41,77.29,Medium
7.86,3.22,209,2.31,7.62,2.95,0.8893,2.08,48.6,66.77,Medium
4.74,3.09,208,1.78,7.56,3.77,0.6443,1.41,44.78,58.85,Medium
2.98,1.45,10,0.0,5.89,7.77,0.2767,2.14,24.89,14.55,Low
0.0,0.0,10,0.0,5.5,8.81,0.0,2.15,28.35,8.6,Low
7.78,1.2,173,2.35,8.54,2.73,0.7793,2.42,24.08,64.83,Medium
2.08,0.0,10,0.39,7.42,4.11,0.0695,3.26,19.91,49.81,Low
3.39,1.7,189,0.55,7.09,4.47,0.2905,2.0,32.83,33.68,Low
1.04,0.86,20,0.32,5.34,5.3,0.2269,0.99,22.85,33.04,Low
0.0,0.0,11,0.0,6.53,8.4,0.0507,2.94,18.52,4.83,Low
5.6,2.98,173,0.63,8.51,5.55,0.5566,2.26,20.7,53.85,Medium
5.61,4.3,258,1.74,8.48,5.27,0.6299,1.56,12.98,64.5,Medium
2.13,0.6,156,0.0,7.3,7.0,0.4567,4.04,35.3,46.48,Low
0.0,0.0,10,0.0,6.84,8.69,0.0,1.21,19.48,17.02,Low
3.0,0.0,119,1.09,6.77,5.04,0.3084,0.0,36.29,45.78,Low
2.23,1.68,172,1.91,7.7,3.29,0.5432,1.15,27.59,61.68,Low
1.59,0.0,10,0.0,5.72,4.96,0.1273,3.15,15.48,28.27,Low
3.19,2.0,242,1.39,7.33,6.21,0.4433,0.89,30.98,42.27,Low
2.59,1.93,118,2.13,8.06,4.76,0.3356,1.02,38.47,31.25,Low
3.13,2.98,223,2.59,6.82,2.26,0.6228,2.78,30.58,53.22,Medium
2.09,2.24,202,1.07,6.37,3.58,0.467,2.43,38.62,50.45,Low
0.43,0.0,50,0.33,6.59,5.16,0.402,2.67,15.07,47.94,Low
5.54,3.6,287,2.85,7.42,3.27,0.5946,2.42,34.37,66.94,Medium
6.03,0.26,168,0.0,7.44,6.84,0.4141,1.62,28.51,45.66,Low
3.31,3.32,217,0.72,6.62,4.52,0.6758,1.63,42.13,53.45,Medium
2.35,0.3,57,1.32,7.91,3.02,0.2194,3.09,27.41,33.3,Low
3.59,0.85,63,1.43,5.75,5.38,0.3877,0.79,45.24,51.46,Low
2.39,2.26,59,0.59,7.56,6.09,0.2015,0.12,12.1,56.52,Low
3.56,0.5,145,0.0,6.3,4.92,0.3306,1.62,30.43,69.31,Low
5.99,3.44,289,2.33,6.42,1.49,0.9971,2.42,40.35,76.65,Medium
3.0,0.0,25,0.0,6.5,7.38,0.2427,2.67,29.34,32.79,Low
2.94,0.0,10,0.0,5.99,7.52,0.1907,3.34,13.8,41.59,Low
4.92,4.64,287,1.53,6.85,2.76,0.6246,0.0,54.2,70.57,Medium
2.35,2.43,212,0.01,5.55,5.93,0.494,2.38,29.08,53.65,Low
2.33,3.57,115,0.0,6.66,5.36,0.4819,2.85,15.78,28.61,Low
4.92,1.31,258,2.81,8.3,2.71,0.8229,0.34,35.04,62.49,Medium
3.4,1.7,124,0.2,7.17,7.98,0.4457,3.04,23.84,52.48,Low
6.78,4.18,312,2.59,7.96,3.1,0.7523,1.34,66.96,70.21,Medium
7.95,2.43,242,1.54,7.72,5.22,0.6669,4.87,43.89,58.89,Medium
4.45,0.65,127,0.0,6.73,7.57,0.4692,0.0,28.06,26.94,Low
8.57,4.33,310,1.72,6.93,2.55,0.752,2.72,39.67,100.0,Medium
4.02,2.78,70,0.0,5.56,7.3,0.2667,1.79,36.48,53.54,Low
6.81,3.96,199,1.02,7.21,1.52,0.7372,0.16,43.7,63.01,Medium
3.92,2.47,187,1.53,7.02,4.86,0.6475,1.38,2.38,59.56,Medium
5.62,5.3,241,1.4,8.33,2.77,0.6055,1.89,42.94,73.49,Medium
7.22,2.83,287,3.65,8.39,5.17,0.8918,2.57,38.09,87.27,Medium
5.1,0.72,170,1.85,7.5,6.34,0.5159,3.71,17.05,45.29,Low
2.66,0.0,123,1.04,6.4,5.18,0.4274,3.65,35.04,46.02,Low
3.03,1.99,238,1.27,6.13,4.87,0.5285,0.9,54.76,67.67,Medium
1.68,1.15,99,1.67,6.99,6.27,0.429,3.33,32.18,51.99,Low
7.94,5.12,259,2.44,8.43,2.66,0.9871,1.79,51.07,57.61,Medium
4.18,2.35,147,1.08,5.16,3.27,0.4922,1.3,48.72,46.06,Low
5.64,0.04,123,0.84,6.15,6.09,0.4287,1.9,19.87,34.33,Low
2.71,3.08,91,1.71,6.54,4.38,0.4721,1.23,12.35,54.27,Low
1.91,0.22,98,0.43,6.42,7.44,0.3957,2.44,29.83,9.63,Low
3.84,1.28,78,0.0,5.87,5.37,0.2936,1.56,22.67,14.97,Low
9.13,1.91,261,1.53,7.57,2.32,0.6479,0.61,22.26,89.71,Medium
2.2,1.33,152,0.99,6.5,7.75,0.297,2.68,25.93,46.32,Low
2.5,0.0,41,0.73,6.35,4.99,0.3033,2.94,32.04,35.51,Low
5.76,2.41,216,1.11,6.7,2.73,0.6827,1.65,31.19,61.69,Medium
6.61,4.31,240,0.68,7.08,3.14,0.6036,3.01,28.06,69.25,Medium
5.32,3.17,200,1.41,6.5,2.76,0.8286,1.52,31.36,70.76,Medium
6.52,2.64,199,2.3,7.8,2.18,0.7301,1.4,34.79,58.62,Medium
0.0,0.87,156,1.84,7.08,6.29,0.3953,2.89,6.92,40.51,Low
1.97,0.0,21,0.0,5.67,4.88,0.2059,2.29,21.46,30.95,Low
7.15,5.4,298,1.86,8.97,1.24,0.8022,1.63,24.06,62.05,Medium
3.09,1.31,49,0.43,6.59,8.57,0.4206,0.0,34.98,57.93,Low
5.95,2.74,177,1.88,8.1,6.07,0.5516,2.09,13.14,41.78,Medium
5.85,3.47,298,2.03,7.15,1.89,0.7648,0.0,46.77,80.1,Medium
4.63,2.31,198,0.72,5.66,4.79,0.688,0.61,28.69,59.49,Medium
7.3,1.92,177,1.81,7.55,5.17,0.5478,0.53,26.85,73.17,Medium
7.33,6.12,339,2.41,8.28,3.24,0.9526,0.31,43.77,72.06,Medium
2.05,0.33,190,0.0,6.71,5.77,0.2909,1.64,18.12,29.5,Low
5.68,4.04,154,1.03,6.95,5.07,0.8072,1.24,37.43,54.86,Medium
5.12,1.7,186,2.43,7.0,1.86,0.428,2.65,22.96,52.19,Medium
4.79,0.43,135,1.52,6.73,3.01,0.5212,2.14,25.78,69.44,Medium
5.51,3.72,271,2.31,7.52,2.95,0.7742,0.0,41.7,88.86,Medium
4.38,1.58,181,1.21,7.93,4.73,0.5662,1.93,21.15,34.52,Medium
4.35,2.84,176,1.66,7.42,2.82,0.6799,2.16,20.05,60.57,Medium
6.05,2.42,235,2.08,8.02,3.78,0.6828,1.35,37.84,33.96,Medium
3.78,2.38,75,0.94,6.63,4.61,0.5664,2.05,27.91,52.48,Low
2.82,0.65,124,0.42,6.31,5.84,0.2503,2.44,27.49,48.59,Low
0.0,0.26,10,0.86,5.55,8.1,0.308,3.08,28.05,33.93,Low
1.34,0.0,14,0.0,5.72,9.31,0.0292,1.02,20.74,21.34,Low
8.42,6.05,301,1.86,5.37,0.42,0.9533,1.14,46.36,81.58,Medium
3.46,0.33,15,0.0,5.98,5.07,0.2778,3.84,25.46,25.61,Low
4.09,0.9,140,0.0,6.82,4.72,0.4402,3.48,8.82,51.0,Low
4.77,0.0,66,2.4,7.31,5.38,0.5635,2.93,11.14,43.53,Low
5.17,1.78,176,1.94,6.94,3.55,0.496,2.44,50.82,63.91,Medium
7.25,2.61,158,0.99,7.69,5.34,0.7218,3.41,34.08,61.1,Medium
6.35,3.4,237,1.46,5.69,4.23,0.5952,3.66,43.8,54.3,Medium
2.72,0.78,66,0.02,6.66,6.48,0.3947,2.05,23.63,25.9,Low
6.39,2.44,119,2.1,5.57,3.35,0.347,1.08,28.58,28.85,Medium
5.63,1.81,184,0.09,6.17,6.33,0.4903,1.64,26.88,67.36,Medium
4.19,1.57,99,0.89,6.73,1.14,0.442,5.17,53.42,41.69,Low
5.68,5.6,276,2.2,8.82,3.84,1.0,0.0,40.57,77.5,Medium
3.44,3.08,129,2.05,7.54,5.67,0.6083,1.38,27.11,75.2,Medium
5.82,3.04,234,1.5,7.38,3.25,0.8124,0.37,17.16,55.4,Medium
5.5,2.39,274,0.12,7.32,5.92,0.6546,1.93,53.05,53.67,Medium
5.61,3.13,356,1.74,7.02,3.15,0.696,0.45,34.23,66.28,Medium
4.53,1.42,168,0.37,6.66,4.82,0.6901,1.84,38.35,53.01,Medium
3.31,0.0,78,0.03,6.69,7.45,0.2843,0.44,32.08,49.42,Low
5.63,3.36,111,2.47,6.09,9.18,0.5157,2.5,27.37,71.65,Medium
1.33,0.8,158,0.0,7.15,7.99,0.4168,3.42,33.47,46.44,Low
2.81,0.0,139,0.0,6.42,6.84,0.365,1.77,21.32,56.56,Low
4.21,4.65,178,1.03,7.95,2.75,0.4184,1.69,23.03,57.01,Medium
6.01,4.18,299,1.69,8.39,3.36,0.8413,1.47,47.84,71.57,Medium
3.55,0.62,142,1.61,5.67,3.75,0.6137,2.17,28.52,47.3,Low
4.04,2.02,156,1.11,6.69,5.77,0.7456,1.87,36.73,41.73,Low
5.9,4.66,305,2.69,7.17,2.66,0.8827,2.26,42.62,87.57,Medium
4.33,4.07,127,0.69,5.67,2.95,0.5233,3.16,37.58,58.93,Medium
8.53,4.79,399,3.27,7.47,1.22,1.0,0.41,27.44,89.21,Medium
1.62,3.82,153,2.07,9.24,2.88,0.6981,1.52,26.97,58.46,Medium
2.94,0.76,10,0.0,6.61,7.87,0.3117,3.43,17.95,8.53,Low
6.81,2.5,174,2.23,8.91,2.58,0.6462,0.35,25.45,51.53,Medium
4.31,2.29,211,1.35,7.85,4.47,0.5597,0.0,36.2,59.08,Medium
6.6,2.9,229,2.87,7.05,4.19,0.6864,1.84,48.32,64.06,Medium
3.94,2.81,150,1.38,7.03,3.91,0.6884,2.29,46.82,57.92,Medium
5.76,1.76,115,1.19,7.4,4.62,0.3175,1.32,25.92,46.88,Low
3.83,0.82,51,0.0,6.74,7.14,0.3327,1.79,26.8,24.81,Low
3.77,2.78,86,0.76,6.43,6.36,0.517,1.3,33.41,37.19,Low
3.53,0.0,36,0.53,5.37,4.62,0.3884,1.39,31.96,21.12,Low
3.05,0.0,188,0.97,9.34,6.26,0.3977,2.87,18.32,39.83,Low
3.57,2.86,163,0.47,7.18,6.09,0.771,0.64,51.15,65.01,Medium
6.85,4.8,271,3.48,7.57,3.36,0.9212,1.23,47.61,58.61,Medium
4.95,2.84,167,0.0,7.29,4.49,0.5182,0.98,41.5,55.68,Medium
1.06,0.0,37,0.0,6.21,7.75,0.2019,0.9,36.06,34.87,Low
4.63,2.79,210,1.28,7.32,5.01,0.501,2.74,37.56,46.77,Medium
6.28,5.31,284,2.29,8.63,4.34,0.7945,1.12,25.71,82.17,Medium
2.68,1.47,89,1.77,6.6,2.88,0.278,2.37,25.56,37.0,Low
3.79,1.43,90,0.0,6.0,2.87,0.5815,0.53,12.82,46.98,Low
2.76,1.52,202,0.61,6.88,6.49,0.6352,1.25,34.22,48.61,Low
1.57,0.65,83,0.0,6.24,3.92,0.2551,2.99,24.38,20.52,Low
3.76,4.61,271,1.54,8.46,4.63,0.6111,4.39,32.84,69.81,Medium
4.93,1.64,51,1.12,7.88,4.65,0.4775,0.06,41.44,38.63,Low
2.31,2.61,191,2.61,7.3,2.88,0.6723,1.67,27.53,53.93,Medium
3.61,0.19,156,0.39,5.53,6.86,0.4834,2.68,23.04,42.66,Low
4.79,2.44,101,1.49,5.8,5.96,0.244,1.52,28.03,58.05,Low
5.08,5.04,199,2.04,7.37,7.08,0.6127,2.63,15.21,50.04,Medium
0.13,1.89,132,0.35,7.08,4.62,0.3988,1.25,25.48,39.94,Low
7.02,4.67,266,1.25,7.56,4.57,0.7053,1.64,13.78,89.73,Medium
3.12,1.44,106,0.9,6.42,6.13,0.3716,1.6,22.15,48.64,Low
3.24,0.0,154,0.0,6.64,3.67,0.5877,3.15,39.68,60.08,Low
5.25,4.14,200,2.78,7.45,4.8,0.6587,1.04,39.14,53.48,Medium
3.0,0.01,86,0.0,4.38,7.98,0.0619,2.07,16.96,24.93,Low
1.28,0.0,28,0.55,5.24,7.69,0.4352,3.47,21.6,21.91,Low
0.0,0.0,38,0.0,5.74,7.69,0.2215,1.43,11.62,18.54,Low
4.61,3.51,283,2.23,8.6,2.21,0.7637,1.69,36.29,52.19,Medium
2.5,0.76,95,0.73,6.07,4.59,0.2798,0.34,56.54,36.62,Low
8.86,6.86,324,3.01,8.42,2.3,1.0,0.14,61.25,100.0,Medium
3.47,0.77,81,0.2,6.9,5.51,0.3707,2.55,27.7,42.13,Low
3.73,4.36,165,1.46,8.13,4.6,0.3481,0.95,32.52,66.51,Medium
7.7,4.74,231,1.49,8.78,3.11,0.7014,0.99,27.91,74.92,Medium
10.33,3.73,290,1.64,7.96,2.39,0.9807,1.89,32.01,72.44,Medium
9.1,4.96,294,3.64,7.65,0.0,1.0,0.8,43.93,93.7,Medium
6.36,3.16,332,2.55,7.07,5.12,0.7784,2.46,30.79,70.25,Medium
5.83,1.34,121,1.87,7.32,3.65,0.8151,1.91,44.16,74.98,Medium
4.76,4.49,190,2.81,6.95,3.81,0.6029,2.26,48.66,48.2,Medium
6.97,3.87,281,1.41,7.83,4.48,0.647,3.01,37.22,72.06,Medium
2.14,1.71,111,1.62,7.06,6.18,0.4989,2.49,28.26,52.42,Low
2.42,0.94,115,0.49,7.06,7.38,0.5026,3.78,9.1,40.62,Low
4.05,0.61,154,0.18,8.01,5.81,0.6294,2.91,37.46,41.88,Low
3.06,1.26,110,2.34,8.41,6.33,0.3593,1.53,17.71,46.99,Low
1.45,2.16,24,1.43,6.87,7.71,0.4027,3.43,23.55,49.31,Low
5.78,1.99,214,1.46,8.23,5.28,0.667,2.05,43.08,62.79,Medium
5.84,0.9,195,2.35,7.2,3.33,0.6651,1.32,45.07,70.34,Medium
4.78,1.91,125,0.75,7.99,3.18,0.5565,2.25,25.78,61.45,Medium
6.31,4.07,248,2.85,8.59,5.29,0.8776,2.67,33.3,65.68,Medium
3.18,0.42,128,0.0,7.24,6.36,0.3719,2.8,17.3,21.32,Low
2.56,2.44,231,0.03,6.98,4.58,0.6299,3.88,17.05,46.72,Low
4.62,1.56,101,1.21,6.11,3.47,0.3237,3.3,20.07,35.95,Low
0.0,0.0,10,0.0,4.95,8.31,0.0,3.08,4.54,29.86,Low
4.36,3.07,96,1.1,6.93,5.35,0.5193,1.0,36.42,38.01,Low
4.33,0.3,159,0.0,8.17,2.91,0.664,1.86,33.34,58.38,Medium
6.07,4.77,342,3.69,7.51,3.41,0.755,1.62,43.17,86.24,Medium
5.77,3.57,191,2.46,7.94,3.31,0.6948,2.51,23.61,59.47,Medium
3.49,0.0,10,0.02,7.16,10.57,0.3647,2.94,12.93,35.24,Low
5.05,3.28,325,2.16,7.7,1.36,0.89,1.61,39.81,70.14,Medium
7.05,3.09,287,2.8,8.66,2.52,0.7449,1.75,36.75,62.89,Medium
2.17,2.21,133,3.05,4.96,2.81,0.5241,2.55,31.44,54.65,Low
2.39,2.41,139,1.58,5.91,7.26,0.2265,1.21,25.97,61.03,Low
4.04,0.0,91,1.97,5.79,5.88,0.1969,3.98,42.31,34.89,Low
2.56,0.59,117,0.0,6.16,4.47,0.3865,0.06,32.4,31.2,Low
4.77,3.02,205,1.22,7.81,4.43,0.8275,3.13,55.15,68.88,Medium
7.53,5.95,341,1.56,8.17,0.1,0.8666,1.39,52.11,86.53,Medium
9.57,4.33,257,2.59,8.09,3.62,0.7567,2.54,54.75,72.89,Medium
0.82,1.09,51,0.75,7.23,8.41,0.3131,2.51,16.81,57.36,Low
0.5,0.21,10,0.0,5.68,7.53,0.3418,2.68,30.33,40.98,Low
6.08,3.5,212,1.76,6.1,5.75,0.664,2.51,26.39,41.62,Medium
2.69,0.0,33,0.57,6.43,8.96,0.2527,3.34,4.52,17.96,Low
4.52,3.8,179,0.04,6.66,7.08,0.6252,1.57,46.58,57.11,Medium
2.22,1.99,121,0.4,5.67,7.04,0.3229,3.08,26.33,31.12,Low
5.58,1.14,92,1.28,7.54,6.36,0.3716,1.06,17.12,46.37,Low
2.72,2.11,10,0.0,7.32,8.75,0.3758,2.47,17.88,8.46,Low
5.84,1.71,174,0.77,8.5,2.9,0.7149,2.68,24.61,67.94,Medium
1.96,0.85,23,1.39,6.88,6.96,0.2397,3.15,20.4,51.08,Low
1.6,0.0,27,0.0,6.92,5.25,0.2605,2.81,21.93,37.5,Low
0.0,0.0,10,0.0,6.66,8.76,0.0,2.47,32.95,0.16,Low
4.34,3.65,172,1.24,6.47,0.42,0.4183,2.9,23.2,51.29,Medium
9.29,6.33,290,1.96,8.77,2.94,0.6235,0.8,55.45,71.45,Medium
8.38,5.72,315,2.96,8.05,1.54,0.8421,3.25,46.79,64.61,Medium
1.79,1.12,167,0.18,7.5,7.35,0.3298,2.05,31.68,39.76,Low
4.45,0.73,144,1.65,6.85,6.49,0.3012,0.64,34.47,47.95,Low
5.31,1.03,206,1.27,8.27,5.98,0.5583,0.66,32.48,57.47,Medium
2.83,2.54,71,0.74,6.68,4.87,0.287,2.34,37.87,49.53,Low
6.36,2.92,135,1.84,5.96,6.1,0.5595,2.05,37.18,62.18,Medium
4.2,2.66,241,1.11,8.54,7.01,0.5648,3.74,17.18,68.08,Medium
6.41,5.17,315,0.34,6.86,4.31,0.7234,0.59,39.1,52.31,Medium
3.16,0.88,156,1.21,7.95,6.34,0.3042,2.07,37.34,45.65,Low
1.71,2.1,210,0.89,6.83,5.56,0.4904,1.0,26.09,36.3,Low
2.66,0.51,19,0.74,7.5,5.53,0.0388,1.77,26.87,35.0,Low
5.36,1.4,38,0.16,7.49,7.38,0.3057,3.93,19.74,30.66,Low
1.34,1.6,166,0.47,7.23,3.08,0.5466,0.93,15.09,42.83,Low
4.7,1.1,190,2.9,7.59,3.82,0.4675,2.48,16.33,66.12,Medium
6.6,3.45,276,0.55,7.79,0.97,0.7544,2.12,19.2,68.46,Medium
2.54,1.84,85,0.94,4.99,5.15,0.4549,2.22,32.67,48.02,Low
6.85,4.21,235,1.73,7.84,3.72,0.4677,2.07,12.56,56.38,Medium
1.9,2.37,120,0.51,5.97,6.16,0.4306,0.92,21.98,46.51,Low
4.24,0.92,87,0.73,7.13,5.11,0.2081,3.66,22.24,59.35,Low
1.6,0.85,45,0.0,5.71,6.38,0.3387,4.15,23.44,53.85,Low
0.0,0.0,10,0.0,4.84,5.81,0.0144,2.77,0.0,0.0,Low
7.2,4.07,256,2.82,8.73,3.12,0.4286,4.16,38.46,59.75,Medium
6.62,3.14,223,1.97,8.22,2.87,0.8399,1.38,20.95,71.39,Medium
3.5,2.27,59,0.86,6.86,4.43,0.4723,2.48,39.92,43.86,Low
4.41,3.19,141,0.26,7.18,5.8,0.4285,3.41,24.12,41.9,Low
6.32,3.47,142,1.83,7.06,2.94,0.7497,1.39,31.62,42.24,Medium
1.14,0.0,72,1.48,6.67,6.44,0.0079,1.09,22.23,17.07,Low
4.03,0.21,84,0.27,6.19,2.66,0.2713,0.55,29.8,25.18,Low
5.23,3.19,170,1.33,8.19,3.37,0.4289,3.82,34.34,62.5,Medium
3.07,0.0,51,0.0,6.17,5.25,0.4292,1.85,19.46,40.15,Low
4.97,2.1,148,0.84,6.81,4.68,0.5919,1.73,34.9,41.79,Medium
1.52,0.0,101,0.0,6.34,5.61,0.2946,1.29,27.88,32.23,Low
3.41,1.72,158,1.7,6.76,4.46,0.6234,2.81,24.68,65.45,Low
4.27,0.0,91,0.3,7.25,4.84,0.5502,1.23,34.09,49.44,Low
0.0,0.0,10,0.0,5.76,9.93,0.1848,1.99,33.84,9.67,Low
5.56,3.94,242,2.53,7.96,4.0,0.76,1.95,42.88,71.33,Medium
1.55,0.0,69,0.0,7.61,3.34,0.3638,1.16,35.65,38.43,Low
1.1,0.8,28,0.08,6.02,4.32,0.2771,2.06,27.67,36.28,Low
6.95,4.2,214,2.33,7.0,4.78,0.5355,3.34,21.64,47.54,Medium
7.89,4.75,269,0.79,7.94,1.88,0.7571,2.08,27.65,68.1,Medium
4.27,2.12,68,0.0,6.14,2.07,0.3079,2.44,28.12,39.86,Low
2.66,2.48,210,1.26,7.4,6.93,0.3646,2.2,39.74,74.83,Low
4.94,3.81,211,2.26,7.66,5.44,0.4513,1.48,60.0,57.56,Medium
3.83,2.32,173,0.3,8.21,4.74,0.7469,3.79,43.28,75.51,Medium
3.52,1.62,123,1.47,6.6,3.82,0.5046,1.13,19.18,56.22,Low
2.16,0.0,153,1.17,6.06,6.19,0.4851,2.32,20.49,43.5,Low
3.83,1.94,100,0.0,6.34,5.18,0.2253,2.36,48.65,39.07,Low
3.7,3.67,164,1.71,6.27,5.18,0.3699,2.98,28.29,39.07,Low
3.14,0.0,30,0.84,6.92,5.23,0.2012,3.42,25.11,36.98,Low
0.0,0.0,10,0.0,4.61,11.66,0.0,2.84,5.79,0.0,Low
7.64,1.9,155,2.35,9.08,1.99,0.5208,2.16,47.83,47.92,Medium
4.03,3.74,218,2.63,8.49,5.49,0.8102,2.06,39.52,64.66,Medium
0.79,0.0,19,0.0,5.83,8.6,0.0454,0.44,10.44,26.5,Low
3.36,0.0,43,0.0,7.19,5.78,0.4829,0.71,15.01,49.16,Low
4.07,3.34,137,0.72,6.0,4.32,0.6643,1.21,36.17,56.92,Medium
9.32,4.81,272,2.62,10.0,3.01,0.6702,0.82,40.73,82.42,Medium
4.44,2.14,191,1.47,6.54,7.02,0.6098,0.79,38.43,60.16,Medium
2.27,1.37,102,0.16,6.54,6.56,0.2034,2.97,31.83,25.79,Low
2.65,1.54,130,0.0,5.42,3.94,0.4865,2.06,26.44,51.3,Low
5.89,3.96,240,3.11,8.08,3.02,0.6975,1.37,31.44,62.34,Medium
5.17,0.82,118,0.64,5.79,8.69,0.5851,0.94,25.17,38.59,Low
2.4,1.77,52,0.06,6.68,8.22,0.4841,2.2,20.5,33.42,Low
3.97,1.69,124,1.3,6.32,7.09,0.3293,0.0,26.28,47.11,Low
1.14,0.79,44,1.46,5.66,7.62,0.2966,2.12,25.4,41.2,Low
3.31,0.91,124,0.0,6.42,5.87,0.549,2.03,21.63,60.75,Low
8.55,4.06,254,2.65,7.99,4.3,0.9113,1.75,44.43,77.85,Medium
3.03,3.38,161,0.12,6.14,3.83,0.5675,0.34,27.91,56.56,Low
3.0,1.66,128,1.2,6.27,3.35,0.347,2.3,20.32,64.75,Low
3.46,2.22,136,0.87,7.38,5.54,0.3699,1.05,25.02,30.38,Low
1.01,1.42,10,0.26,8.3,6.12,0.1869,1.66,24.61,43.51,Low
5.55,4.36,188,1.31,7.82,2.09,0.8001,2.45,35.25,60.35,Medium
4.32,1.98,128,0.0,6.23,4.04,0.5272,4.04,33.83,54.54,Low
4.47,1.22,196,0.5,6.62,9.0,0.3866,2.11,38.08,44.04,Low
11.27,4.24,362,3.88,8.62,0.41,1.0,0.22,59.01,90.87,High
3.41,2.28,180,2.05,6.87,5.09,0.5211,2.1,34.35,59.33,Low
2.16,0.55,150,0.0,7.35,4.29,0.4387,3.16,15.55,49.14,Low
4.58,1.75,63,1.48,6.96,2.87,0.6674,2.75,25.18,48.33,Low
7.37,3.57,258,1.4,8.3,2.05,0.6938,4.4,25.7,61.81,Medium
2.58,1.85,127,1.38,6.81,6.99,0.6028,1.25,47.53,87.81,Low
1.55,0.0,15,0.0,7.34,7.66,0.1378,2.68,42.68,40.41,Low
3.46,2.44,191,1.88,7.33,4.52,0.6726,3.27,41.1,73.12,Medium
2.72,1.47,67,1.18,5.89,7.11,0.3693,3.69,35.24,36.45,Low
10.02,6.53,409,1.52,9.68,1.3,0.8553,0.0,41.88,71.85,High
5.02,3.52,270,1.32,6.08,5.46,0.9623,1.67,39.06,63.4,Medium
2.1,1.66,158,0.79,6.19,4.72,0.3799,3.62,11.79,54.1,Low
7.48,4.87,272,3.95,7.14,5.19,0.8149,4.51,35.67,59.31,Medium
2.28,1.29,91,0.36,9.04,5.56,0.3206,2.68,21.53,40.34,Low
4.95,3.65,234,3.31,8.87,1.04,0.7138,1.38,37.08,68.19,Medium
5.69,1.99,232,2.99,8.44,3.15,0.7112,0.85,31.83,60.46,Medium
1.55,1.6,48,0.25,6.31,3.59,0.278,4.47,45.24,29.6,Low
2.43,1.19,137,0.25,8.62,7.71,0.1203,2.92,35.95,29.43,Low
6.95,3.84,261,1.27,7.81,3.42,0.7021,0.84,37.99,79.83,Medium
3.84,0.72,197,0.68,7.61,2.16,0.4348,1.9,25.66,48.55,Low
3.51,2.1,101,0.0,6.94,6.17,0.4917,2.43,44.74,30.31,Low
1.68,2.65,30,0.17,6.48,5.63,0.5101,2.83,24.92,22.74,Low
5.29,1.63,169,2.54,7.01,2.14,0.5467,0.97,35.43,52.74,Medium
7.98,4.75,372,2.16,7.86,4.42,0.8269,0.77,40.74,88.27,Medium
2.41,0.63,10,0.0,6.95,6.76,0.1698,0.67,20.62,39.94,Low
3.45,2.82,69,0.0,7.31,4.52,0.5247,3.03,30.49,61.68,Low
6.61,3.56,267,2.43,7.68,2.28,0.8304,1.23,17.44,56.28,Medium
2.65,0.0,126,1.15,8.17,2.85,0.4295,2.49,14.12,51.04,Low
4.86,4.04,186,1.41,4.85,2.36,0.6683,3.29,35.76,71.04,Medium
0.9,1.17,103,0.0,6.88,8.52,0.3341,2.54,40.37,47.39,Low
3.52,0.9,162,1.11,7.79,3.65,0.59,1.76,35.62,60.01,Medium
3.94,1.11,60,1.25,7.82,5.31,0.3723,2.25,21.86,70.67,Low
6.23,5.05,311,1.77,7.44,0.45,0.649,1.77,20.5,70.88,Medium
7.31,5.23,205,2.2,7.76,1.24,0.4945,2.89,43.78,78.24,Medium
8.66,6.82,315,3.24,9.08,2.03,1.0,1.53,37.28,89.29,Medium
5.65,2.69,241,2.36,8.48,4.7,0.6186,1.28,39.33,50.88,Medium
5.31,2.57,161,1.8,6.92,7.14,0.584,2.95,35.53,46.13,Medium
4.92,2.16,163,1.31,7.31,6.72,0.5893,3.17,35.75,54.73,Medium
2.3,2.6,141,1.93,8.17,5.18,0.4679,0.77,28.57,42.59,Low
4.86,1.63,220,1.61,5.47,5.2,0.5567,3.43,35.53,37.39,Low
3.85,0.75,113,1.81,6.3,4.97,0.4458,2.45,27.33,35.31,Low
4.35,3.26,224,1.62,8.26,7.83,0.3933,2.23,24.49,49.34,Medium
4.13,3.93,170,0.58,8.53,4.75,0.7051,2.61,26.95,77.04,Medium
2.18,1.87,100,1.24,6.91,6.76,0.3037,1.73,1.12,34.74,Low
8.93,3.04,208,2.02,7.21,3.59,0.6544,2.61,33.89,66.38,Medium
6.2,3.92,310,2.01,6.95,5.19,0.8494,1.23,51.78,59.89,Medium
2.89,0.9,146,1.13,6.47,6.05,0.4105,0.56,36.71,48.46,Low
0.2,0.0,10,0.0,7.18,10.52,0.0973,1.64,21.67,31.36,Low
3.16,0.0,128,0.7,6.19,2.62,0.3901,2.75,19.62,42.44,Low
8.03,3.46,289,1.56,7.73,3.75,0.834,0.67,46.46,54.38,Medium
2.44,0.53,174,2.0,6.39,4.26,0.5855,3.62,28.69,37.14,Low
2.88,1.19,29,0.11,7.17,9.13,0.3695,3.49,40.75,40.9,Low
3.7,1.96,90,0.29,6.32,8.08,0.1884,3.48,17.67,40.19,Low
5.51,1.53,217,0.93,7.34,3.79,0.7875,1.87,26.7,61.86,Medium
5.5,4.15,192,1.65,5.93,6.48,0.7621,2.09,24.26,52.07,Medium
4.76,4.14,161,0.96,5.59,8.03,0.404,0.88,13.98,51.45,Low
4.31,1.5,40,1.02,6.82,5.66,0.4503,3.11,18.8,41.49,Low
1.84,0.77,132,0.0,5.74,9.3,0.3326,2.5,29.07,42.26,Low
3.14,3.44,65,0.0,8.22,6.34,0.1207,2.84,18.27,27.65,Low
7.15,3.1,246,2.79,6.16,2.26,0.7492,3.2,0.0,83.45,Medium
3.44,1.54,95,1.93,6.2,6.78,0.3815,1.49,39.13,42.95,Low
6.52,4.01,239,1.15,7.62,2.64,0.7079,1.51,19.24,74.34,Medium
6.86,5.63,128,3.49,7.47,2.85,0.7084,1.87,43.5,60.88,Medium
7.43,3.86,202,2.03,6.62,5.62,0.6263,0.77,35.3,82.31,Medium
3.04,0.85,80,0.65,6.02,5.68,0.4126,1.94,49.02,56.3,Low
3.46,1.65,204,1.0,6.41,1.85,0.5037,2.37,41.99,36.96,Low
3.48,1.62,116,0.0,6.76,5.59,0.5495,1.68,24.83,41.62,Low
2.41,0.0,69,1.07,8.11,5.31,0.3874,3.58,18.46,41.22,Low
6.12,2.53,238,0.64,7.22,5.81,0.8029,0.39,46.65,41.67,Medium
2.37,0.0,95,0.0,7.36,7.81,0.3768,3.48,9.35,31.0,Low
5.35,2.29,281,2.74,8.0,5.43,0.7618,2.3,37.85,72.08,Medium
6.05,2.56,93,0.0,7.66,7.06,0.3451,1.57,26.37,41.18,Low
4.72,1.8,188,0.0,4.86,6.33,0.5696,1.02,27.57,58.41,Low
6.1,1.16,163,1.21,6.9,3.57,0.5893,0.0,34.95,47.32,Medium
3.3,1.44,121,1.03,7.92,6.59,0.3969,1.28,30.6,23.67,Low
5.81,2.95,213,1.86,6.84,7.07,0.6957,2.87,37.51,68.62,Medium
4.06,0.0,88,0.38,8.17,4.68,0.2652,2.09,29.02,52.63,Low
7.2,3.64,279,3.72,8.62,6.39,0.6498,2.9,38.53,88.11,Medium
2.58,0.0,36,0.0,5.95,6.19,0.2864,1.78,24.2,7.74,Low
5.3,3.9,185,0.92,6.66,3.53,0.4965,2.67,24.04,59.4,Medium
7.5,5.43,363,1.91,7.16,2.54,0.8671,0.7,39.73,59.4,Medium
1.31,0.1,111,0.3,6.0,7.57,0.2862,1.33,17.85,52.56,Low
3.04,0.24,39,0.95,5.68,7.38,0.2809,2.1,18.81,44.71,Low
6.15,2.67,209,2.37,7.6,2.79,0.7202,1.18,29.21,48.19,Medium
4.09,2.88,198,0.0,5.92,5.38,0.4341,0.4,29.7,60.5,Low
5.98,2.5,214,1.08,7.66,3.45,0.6019,1.71,32.11,49.73,Medium
6.72,2.52,145,1.75,7.75,2.03,0.6392,1.96,41.61,60.34,Medium
4.17,3.01,174,1.98,5.99,2.65,0.5321,3.08,28.19,61.58,Medium
5.22,3.06,279,1.89,8.79,2.21,0.7293,2.6,37.52,84.09,Medium
4.65,2.27,152,1.76,7.62,5.17,0.491,3.1,33.23,74.3,Medium
3.89,0.0,119,0.16,7.48,7.09,0.5909,2.79,22.71,40.41,Low
4.72,3.98,267,2.78,6.73,1.78,0.5206,2.13,34.1,70.67,Medium
9.42,5.15,300,3.31,8.45,2.68,0.8146,0.2,49.53,82.05,Medium
4.24,1.03,110,0.0,7.83,3.43,0.3511,2.19,31.2,33.88,Low
2.1,2.44,37,0.0,6.43,7.41,0.1693,2.89,27.39,28.42,Low
4.49,3.75,252,1.05,9.16,2.41,0.8805,3.13,28.48,89.97,Medium
2.18,0.78,87,1.45,6.98,3.6,0.5302,2.72,49.09,51.77,Low
0.0,0.0,10,0.0,6.83,9.46,0.0795,3.89,12.65,27.41,Low
3.14,3.67,231,1.41,7.66,2.85,0.6038,0.71,17.56,60.59,Medium
4.14,1.59,159,0.94,7.2,5.33,0.4837,1.83,35.93,36.57,Low
3.63,1.44,169,0.87,5.62,1.81,0.3995,2.46,28.4,48.91,Low
8.56,2.95,148,1.47,7.46,5.92,0.6458,3.06,28.63,52.32,Medium
7.15,2.02,212,0.3,6.51,5.95,0.4508,1.8,25.5,37.92,Medium
5.2,3.62,195,2.04,6.68,3.94,0.5774,1.7,52.26,50.61,Medium
3.0,0.0,66,0.16,8.18,3.36,0.4887,2.82,31.37,50.55,Low
6.22,2.34,184,1.15,7.09,6.04,0.689,0.72,38.06,53.89,Medium
5.52,3.33,187,0.98,6.07,4.39,0.5078,3.69,30.33,46.36,Medium
3.51,2.34,216,1.67,7.08,3.21,0.5428,0.9,36.39,63.43,Medium
3.09,2.32,200,1.51,6.27,7.55,0.5784,0.0,47.06,62.36,Low
1.38,0.15,141,0.0,7.68,5.35,0.3286,2.29,22.81,47.43,Low
6.87,2.41,180,1.63,6.99,4.48,0.6323,3.37,20.86,55.3,Medium
3.52,0.0,56,0.57,7.16,6.65,0.5299,2.75,36.0,47.66,Low
6.9,2.98,150,0.55,8.49,4.37,0.4214,2.51,39.01,69.67,Medium
3.29,2.69,194,0.92,6.78,4.87,0.4956,1.93,32.92,65.37,Low
4.9,4.7,304,2.78,8.34,2.81,0.8167,1.3,43.9,63.44,Medium
4.58,1.52,194,0.0,6.06,5.74,0.1709,0.52,25.18,49.2,Low
2.31,1.52,132,1.65,8.78,5.45,0.2905,0.0,28.46,61.92,Low
1.54,2.99,132,2.0,7.74,7.3,0.5586,2.2,28.59,48.72,Low
3.57,1.35,126,0.0,6.69,3.49,0.4424,3.4,22.57,50.29,Low
6.55,2.63,219,2.73,6.78,5.33,0.8173,2.1,45.89,69.8,Medium
0.62,0.0,10,0.0,6.1,8.66,0.3313,3.11,7.8,15.5,Low
1.34,1.0,174,0.49,6.2,7.63,0.3326,3.9,48.34,52.53,Low
1.67,1.81,85,0.0,8.03,8.28,0.3178,2.65,33.43,38.98,Low
5.46,2.8,234,2.5,6.49,3.44,0.6967,1.59,16.97,69.45,Medium
5.8,4.66,311,2.69,7.96,0.0,0.5766,0.67,36.31,59.04,Medium
2.93,2.18,170,0.27,6.93,5.05,0.3397,4.05,27.79,56.38,Low
4.29,0.75,131,0.0,6.82,3.77,0.4763,2.58,33.07,52.53,Low
4.53,2.13,130,0.0,6.95,3.8,0.5756,1.04,20.46,67.29,Medium
6.53,2.28,267,2.08,7.49,1.39,0.7613,0.48,36.13,64.32,Medium
0.95,0.0,91,0.72,7.23,5.68,0.2253,3.53,24.15,26.21,Low
4.26,2.72,137,1.71,7.61,3.75,0.6414,0.89,23.82,46.75,Medium
3.34,3.08,285,1.69,7.82,0.0,0.8433,3.56,26.11,59.58,Medium
5.22,2.95,202,0.48,4.82,5.3,0.694,0.0,41.69,46.33,Medium
6.09,2.27,194,0.61,7.33,8.05,0.6369,3.37,13.98,65.75,Medium
4.23,2.53,286,2.72,6.18,4.41,0.6443,2.19,39.78,78.29,Medium
0.0,0.0,10,0.0,6.17,8.75,0.0669,2.93,24.46,7.49,Low
5.75,1.78,217,1.66,8.52,3.9,0.6502,1.62,31.2,56.24,Medium
4.2,2.41,130,0.0,5.93,5.35,0.4203,4.09,27.25,22.03,Low
0.0,0.0,10,0.0,5.88,7.88,0.1704,3.26,32.48,29.5,Low
4.19,2.57,193,1.04,6.78,4.18,0.5901,0.94,25.51,74.2,Medium
4.38,3.02,265,2.94,8.68,1.68,0.6887,0.0,30.85,64.23,Medium
3.85,2.36,101,1.51,7.01,7.73,0.4643,2.22,24.36,46.77,Low
8.36,3.1,319,1.37,8.86,1.34,0.7893,1.71,46.42,68.64,Medium
7.56,3.9,223,2.19,8.14,3.66,0.7783,0.0,50.98,91.43,Medium
6.6,4.83,203,1.61,7.85,2.88,0.8523,1.55,22.62,71.72,Medium
7.67,4.49,334,1.18,7.87,5.39,0.9017,0.93,48.26,76.55,Medium
5.47,3.63,238,0.91,8.03,4.4,0.6185,1.79,41.9,62.93,Medium
3.18,1.13,115,1.22,5.65,4.35,0.654,2.7,45.91,36.88,Low
1.78,0.0,46,0.0,6.27,7.03,0.1441,3.97,25.84,11.5,Low
3.78,1.74,189,0.92,6.82,5.43,0.6017,2.98,28.33,38.23,Low
2.33,0.42,81,0.08,7.16,4.55,0.3748,1.53,37.24,47.48,Low
7.17,5.88,428,3.48,7.94,0.59,0.9326,1.72,47.84,79.21,Medium
5.21,1.66,67,0.91,6.08,2.59,0.376,2.12,51.57,42.07,Low
5.04,2.39,188,1.66,7.07,3.43,0.5158,0.63,40.2,46.38,Medium
4.44,1.2,241,0.02,6.41,4.31,0.5899,2.23,34.29,56.9,Medium
5.29,3.95,189,0.0,5.48,5.38,0.3829,3.84,18.48,67.68,Low
6.79,4.38,277,2.58,8.43,0.0,0.8172,1.52,32.67,73.91,Medium
1.82,1.76,89,0.0,7.15,5.73,0.2951,0.59,12.53,32.8,Low
3.48,1.46,183,0.99,7.47,5.55,0.5975,1.97,28.82,53.17,Low
0.39,1.19,123,0.16,7.67,5.87,0.4821,1.01,35.55,56.41,Low
1.93,0.0,68,1.21,5.81,6.03,0.1133,3.26,23.36,25.17,Low
0.58,1.53,143,0.83,5.55,5.3,0.5489,2.71,37.16,29.01,Low
2.45,1.59,106,1.1,6.93,4.24,0.4797,1.84,33.19,44.43,Low
0.65,1.39,107,1.33,6.51,4.69,0.3166,1.8,23.82,44.85,Low
2.51,1.66,57,0.74,5.98,6.3,0.4373,2.0,27.41,46.5,Low
1.01,0.0,22,0.0,6.23,10.57,0.1741,2.43,27.69,38.97,Low
3.44,1.19,184,1.79,6.47,4.01,0.4752,1.25,30.98,38.3,Low
0.0,0.2,34,0.0,4.78,6.78,0.1586,1.06,23.98,17.92,Low
4.11,5.24,315,1.87,7.03,3.78,0.5703,2.91,26.11,58.17,Medium
4.72,1.99,164,0.0,6.13,3.85,0.5889,1.59,26.08,58.08,Medium
0.42,0.4,36,0.0,6.46,8.83,0.1799,2.6,45.3,15.54,Low
3.76,1.43,130,0.91,6.32,1.91,0.2945,2.38,40.74,39.29,Low
1.43,2.81,64,1.74,7.51,5.33,0.4047,2.55,11.5,32.79,Low
4.86,0.73,173,0.0,8.44,5.75,0.4433,0.73,7.93,64.21,Low
8.24,4.11,302,1.59,8.21,2.55,0.6528,0.0,37.46,75.39,Medium
0.95,0.0,10,0.16,4.82,6.58,0.2442,1.97,29.56,30.91,Low
3.74,0.0,127,1.36,8.26,5.49,0.4034,2.36,25.38,65.11,Low
3.99,2.06,100,1.02,8.18,6.6,0.2363,1.32,39.42,44.54,Low
5.05,3.15,186,0.77,7.35,4.31,0.6966,1.44,33.95,48.2,Medium
4.44,2.03,170,0.7,8.16,3.48,0.5123,4.06,29.44,41.39,Low
2.11,0.77,138,1.39,6.18,6.81,0.3278,0.38,33.8,20.34,Low
3.16,4.62,71,0.7,5.35,4.88,0.4047,1.34,23.09,40.63,Low
2.66,0.55,74,0.66,5.99,7.31,0.364,4.14,23.15,34.22,Low
4.96,4.12,242,1.77,8.92,5.61,0.6399,1.63,42.08,74.02,Medium
2.82,1.38,78,0.07,5.82,1.06,0.6519,1.29,29.79,50.49,Low
6.14,5.15,269,3.27,7.95,2.31,0.7326,2.6,58.59,73.61,Medium
1.96,1.67,118,1.35,7.0,2.49,0.5324,2.07,36.63,47.93,Low
1.12,0.53,61,2.28,6.24,9.73,0.4225,1.86,32.75,28.98,Low
1.16,1.55,37,0.0,5.89,6.57,0.1213,2.65,21.94,37.55,Low
0.0,0.47,10,0.22,6.16,8.82,0.037,1.88,29.73,15.09,Low
1.45,0.0,10,0.0,5.76,7.32,0.2849,1.46,18.85,14.84,Low
4.58,0.1,188,1.34,6.0,3.39,0.4543,1.81,34.16,62.19,Low
2.66,2.4,260,2.19,7.43,2.85,0.5411,0.84,23.38,63.37,Medium
1.62,2.33,89,0.0,7.07,9.75,0.2725,2.49,32.49,9.05,Low
6.76,3.11,145,1.55,8.14,5.09,0.6825,2.09,37.38,71.98,Medium
1.84,2.38,134,0.16,6.11,8.64,0.2237,3.0,47.41,35.34,Low
4.8,3.66,155,0.56,6.07,4.86,0.7041,3.08,54.66,48.46,Medium
6.2,4.64,285,2.6,7.58,3.01,0.7694,1.11,45.69,76.05,Medium
5.91,2.5,206,2.61,8.7,3.25,0.6391,2.23,35.17,69.32,Medium
1.95,0.0,133,0.68,7.38,4.97,0.4719,2.57,19.2,50.43,Low
0.07,1.35,85,0.45,7.12,4.77,0.3843,2.6,34.59,36.13,Low
0.0,0.0,10,0.0,6.64,8.35,0.2657,2.17,21.34,13.48,Low
2.41,1.1,57,0.43,6.98,4.89,0.1902,1.19,31.78,43.33,Low
3.1,0.43,115,0.0,6.99,5.98,0.5404,2.57,46.24,45.65,Low
0.6,0.25,80,1.1,7.04,6.74,0.3769,0.59,16.82,53.25,Low
3.26,1.84,163,1.13,6.5,5.63,0.46,1.77,20.1,53.9,Low
4.48,2.38,190,1.38,5.91,7.4,0.5941,0.0,28.02,41.92,Low
3.5,0.55,112,0.17,7.47,5.28,0.5485,0.73,37.09,41.85,Low
2.92,2.22,109,0.11,7.67,7.11,0.2318,1.32,32.3,40.73,Low
3.53,1.66,202,0.99,6.19,7.82,0.7087,3.05,21.89,65.52,Low
6.29,0.99,232,0.13,7.88,6.3,0.4325,2.56,39.78,70.74,Medium
0.41,0.26,60,0.0,7.8,8.37,0.1684,1.77,12.54,29.68,Low
7.41,4.15,254,1.65,7.7,2.42,0.756,2.31,28.68,61.83,Medium
5.22,2.01,150,1.34,6.3,5.49,0.6728,2.92,28.35,37.91,Medium
4.61,3.39,106,0.49,7.11,2.99,0.4729,1.83,24.56,52.81,Medium
5.17,2.83,199,0.75,6.91,4.69,0.6384,0.4,42.44,83.66,Medium
3.83,2.23,198,0.53,6.62,5.06,0.6899,1.72,34.03,58.89,Medium
7.15,2.33,252,1.4,7.82,3.61,0.6606,1.62,52.42,48.36,Medium
2.87,3.25,162,0.95,5.86,6.11,0.4396,0.68,28.96,47.05,Low
1.61,1.27,110,2.24,5.54,4.11,0.3358,2.55,25.72,34.57,Low
4.25,2.12,146,2.13,7.2,6.91,0.7094,2.17,43.91,47.2,Medium
3.2,0.0,87,0.9,6.41,8.07,0.2783,2.79,23.37,28.97,Low
4.67,3.61,156,2.02,7.33,4.73,0.7148,2.25,45.48,55.32,Medium
2.77,0.72,136,0.17,8.48,4.83,0.5671,2.74,35.24,56.32,Low
3.21,1.1,119,0.0,6.98,6.03,0.3939,1.88,5.43,57.8,Low
3.01,2.17,137,0.01,7.41,7.47,0.4794,2.24,41.13,53.31,Low
0.0,0.0,10,0.56,5.28,7.98,0.0383,2.17,29.72,2.23,Low
4.08,0.0,132,0.12,7.34,6.04,0.3234,1.58,36.77,31.2,Low
2.54,0.02,142,0.07,6.63,4.89,0.9665,3.31,11.35,49.81,Low
6.25,2.96,227,0.78,7.14,7.43,0.6338,0.0,24.17,53.87,Medium
2.94,0.0,126,0.0,6.4,5.99,0.3806,3.19,18.97,43.2,Low
7.84,6.83,216,2.23,8.46,3.06,0.6908,1.0,27.92,69.42,Medium
1.71,0.0,83,0.51,5.52,8.49,0.4837,1.51,43.09,37.51,Low
5.76,2.53,202,1.11,5.66,3.77,0.8038,1.97,34.73,66.92,Medium
3.13,2.08,171,1.89,7.04,6.06,0.7736,0.38,31.77,53.86,Medium
2.08,1.27,178,0.0,7.05,4.6,0.5541,1.38,32.29,41.18,Low
8.14,4.19,280,2.3,8.01,2.03,0.7072,0.62,44.57,87.89,Medium
3.17,0.82,69,0.59,7.39,9.02,0.1503,2.14,0.0,31.26,Low
4.51,2.4,245,1.22,7.81,2.61,0.5835,0.92,28.13,63.49,Medium
5.56,2.12,190,1.34,7.05,3.27,0.6057,3.3,20.88,64.67,Medium
2.48,0.0,62,0.94,4.8,6.39,0.3982,4.0,30.65,52.92,Low
5.11,1.87,213,1.43,7.51,1.43,0.7218,0.0,34.07,59.81,Medium
4.21,1.11,95,0.49,7.7,4.75,0.6573,2.62,28.9,64.01,Low
3.71,2.13,59,1.68,6.83,4.74,0.7482,2.77,10.66,42.57,Low
4.29,1.76,193,2.85,7.15,4.68,0.5514,2.46,28.2,47.36,Medium
3.19,3.04,221,1.38,7.27,7.12,0.6687,1.38,40.48,55.43,Medium
4.67,4.44,221,2.03,6.59,6.1,0.811,1.51,48.15,72.47,Medium
5.58,2.86,157,2.06,7.9,2.53,0.6136,1.01,41.16,47.87,Medium
0.24,0.0,10,0.0,7.44,7.79,0.0,2.1,7.9,12.85,Low
6.16,3.39,236,2.14,7.51,4.05,0.7391,0.4,49.12,72.34,Medium
0.0,0.0,10,0.0,5.27,9.77,0.103,2.38,28.93,48.51,Low
6.45,2.89,267,2.08,7.46,4.53,0.7272,0.19,33.99,77.95,Medium
8.24,2.99,273,1.99,5.78,3.75,0.7343,1.46,15.38,64.42,Medium
1.99,0.0,17,0.43,6.72,7.64,0.2881,1.08,34.08,9.44,Low
4.37,1.0,146,0.42,7.16,6.63,0.4702,2.33,22.02,44.65,Low
0.12,0.0,123,0.16,7.79,5.27,0.1576,1.65,27.93,37.04,Low
3.76,1.89,209,0.0,6.74,5.61,0.4982,2.36,29.61,42.95,Low
2.07,1.9,240,0.5,7.17,7.65,0.3944,3.17,43.84,36.87,Low
3.79,2.26,176,2.74,6.7,3.52,0.6759,3.36,32.64,63.29,Medium
5.73,5.24,368,2.3,7.37,3.23,0.8578,0.0,36.4,60.23,Medium
8.22,3.11,247,2.1,6.48,2.54,0.6567,0.75,52.76,89.66,Medium
4.02,0.0,81,2.07,6.56,2.37,0.3594,1.87,20.61,56.73,Low
3.87,2.07,146,0.0,6.65,5.34,0.4463,2.52,37.1,53.44,Low
0.0,0.0,10,0.0,6.4,7.98,0.1119,0.85,19.6,25.65,Low
2.15,1.11,101,1.73,6.1,5.44,0.4288,1.26,15.95,31.31,Low
6.29,1.04,174,1.81,7.55,1.82,0.6209,1.84,34.84,64.26,Medium
7.44,5.82,270,2.1,7.54,1.26,0.7676,1.6,44.99,90.63,Medium
0.0,0.82,103,0.0,6.12,8.0,0.1821,2.75,37.37,40.17,Low
1.75,0.0,100,0.88,6.77,8.85,0.4907,2.62,41.78,43.15,Low
3.87,0.48,154,1.41,7.02,7.11,0.4455,2.35,26.92,58.84,Low
5.2,4.09,191,0.35,7.75,2.56,0.602,2.11,21.53,59.66,Medium
0.0,0.05,132,0.24,6.5,7.5,0.5356,2.3,22.76,41.82,Low
4.65,1.8,118,1.07,6.93,3.37,0.5773,2.54,20.3,66.17,Medium
3.22,0.0,135,0.83,6.62,4.84,0.5164,0.0,25.46,48.06,Low
4.99,1.63,138,0.09,6.42,4.33,0.6642,3.55,26.51,58.37,Low
5.92,2.59,200,2.44,6.99,5.24,0.712,0.0,40.01,59.81,Medium
4.71,2.73,193,1.74,8.63,6.43,0.4996,0.92,7.97,47.56,Medium
2.17,0.0,67,0.36,6.05,5.51,0.4769,1.9,20.48,37.97,Low
1.49,0.32,101,0.74,6.72,5.04,0.3493,2.71,22.2,41.68,Low
3.35,2.32,66,0.82,6.65,5.83,0.4043,0.0,41.43,32.62,Low
4.46,2.45,98,0.08,6.62,6.41,0.3655,2.08,17.01,35.33,Low
5.15,0.04,183,0.44,6.61,7.15,0.6723,2.87,30.97,36.71,Low
8.05,5.48,273,2.06,8.02,0.68,0.7385,2.51,36.71,68.91,Medium
5.64,2.88,141,2.74,5.91,4.19,0.5294,1.13,43.24,74.04,Medium
3.86,2.65,107,1.52,7.68,3.84,0.3365,1.79,34.48,43.99,Low
4.73,2.98,146,2.31,7.85,3.88,0.6954,1.17,34.7,62.87,Medium
3.18,0.0,78,1.03,5.84,5.16,0.4475,1.71,22.78,47.73,Low
8.35,3.61,259,1.04,5.77,3.17,0.8433,0.62,17.34,83.47,Medium
3.61,3.61,133,1.26,6.4,3.25,0.6411,1.0,34.32,49.79,Medium
5.72,0.95,186,1.69,6.75,2.93,0.3405,2.47,34.77,46.17,Medium
4.51,2.28,183,0.35,9.29,1.19,0.5088,2.0,16.49,55.65,Medium
2.45,0.0,28,0.25,6.65,7.16,0.3224,2.96,9.81,37.8,Low
0.06,0.0,49,1.96,4.99,6.04,0.2543,2.55,26.89,46.54,Low
2.32,1.88,85,0.89,5.85,5.78,0.38,3.06,27.42,36.84,Low
3.4,1.31,193,2.25,7.03,6.77,0.5136,2.84,20.81,64.47,Low
5.77,5.1,302,2.56,8.07,1.11,0.7497,0.0,32.92,77.76,Medium
8.72,5.26,351,3.56,7.06,3.78,0.9159,0.48,22.79,81.74,Medium
6.49,4.21,193,0.94,7.21,6.48,0.5308,1.58,46.96,71.36,Medium
3.99,3.16,212,2.04,6.68,1.32,0.5436,1.83,19.51,62.39,Medium
0.0,0.0,10,0.08,5.22,7.84,0.1599,1.87,26.42,15.63,Low
2.8,0.29,107,0.8,6.94,5.21,0.4426,3.07,26.94,51.83,Low
2.32,1.62,76,1.42,7.23,1.81,0.1834,4.22,38.96,36.1,Low
3.42,0.0,82,0.07,7.36,3.76,0.3741,2.37,18.97,37.38,Low
4.8,2.39,109,0.72,7.38,6.41,0.4077,2.13,29.77,56.41,Low
2.98,0.19,131,0.7,6.37,8.74,0.3407,2.99,10.66,42.03,Low
2.27,0.28,44,0.0,6.58,9.32,0.1174,0.73,0.72,24.2,Low
5.76,3.28,257,1.78,7.62,4.36,0.5945,1.8,39.7,67.84,Medium
1.44,1.04,14,0.0,6.57,6.58,0.4237,3.3,6.79,26.08,Low
2.54,2.44,221,2.03,6.63,7.17,0.6667,1.29,28.91,57.44,Low
7.83,3.36,303,2.7,7.64,5.11,1.0,0.15,50.48,94.61,Medium
1.76,0.0,100,0.0,6.6,5.5,0.2666,2.09,32.87,26.64,Low
0.09,0.0,10,0.0,7.69,5.8,0.0,2.7,10.7,16.54,Low
3.98,1.74,133,0.58,7.1,2.28,0.451,1.18,12.68,37.42,Low
4.79,4.83,251,2.43,7.06,5.33,0.7052,3.77,40.6,76.73,Medium
8.12,5.34,247,3.0,7.31,1.99,0.8308,0.93,53.21,89.49,Medium
2.35,0.0,76,0.0,5.99,7.12,0.1365,1.22,17.23,28.01,Low
6.83,1.95,244,0.72,8.99,1.57,0.5952,1.76,24.45,79.55,Medium
4.13,1.4,106,1.15,6.45,4.57,0.3665,3.05,22.42,54.09,Low
4.7,0.0,196,0.34,7.67,4.72,0.5476,2.05,35.19,55.48,Low
9.36,7.64,354,3.16,8.02,1.35,1.0,1.69,55.51,96.17,High
1.46,0.19,64,0.0,6.46,6.66,0.3095,1.58,10.09,37.29,Low
6.01,3.61,82,1.45,7.76,3.06,0.4248,3.41,16.29,43.85,Medium
3.34,1.12,284,2.06,6.78,3.12,0.6336,2.42,55.74,58.96,Medium
5.75,4.87,297,0.86,7.03,5.18,0.6444,2.72,33.66,70.12,Medium
3.27,4.38,146,0.0,8.38,5.22,0.3976,2.34,33.02,47.47,Low
5.07,1.14,96,0.79,7.94,5.46,0.5187,2.73,24.62,59.27,Low
4.69,2.18,130,2.13,7.44,4.24,0.5285,1.24,32.94,56.44,Medium
3.82,2.4,114,2.83,7.76,0.17,0.5166,1.43,40.95,49.82,Medium
0.45,0.0,140,2.19,7.2,4.73,0.5879,3.45,31.28,44.31,Low
4.75,3.43,216,1.34,8.93,2.77,0.6792,3.37,50.52,51.12,Medium
4.36,2.28,83,0.0,6.85,6.08,0.3867,0.96,24.88,26.59,Low
5.4,1.96,225,0.0,7.65,9.36,0.6914,2.14,29.26,63.45,Medium
4.46,3.12,180,0.49,5.82,6.09,0.5387,1.58,32.17,49.3,Low
5.92,2.02,279,1.74,6.9,7.41,0.632,0.97,40.28,67.37,Medium
2.36,0.43,146,2.0,6.01,5.93,0.6756,2.3,32.02,39.36,Low
1.07,0.0,10,0.28,7.13,6.71,0.1713,3.67,8.29,21.55,Low
5.52,3.92,290,2.19,5.59,3.63,0.7543,2.07,39.43,79.89,Medium
4.81,0.0,67,0.0,6.23,9.03,0.2333,1.95,21.73,36.42,Low
3.38,1.83,42,0.0,4.28,8.72,0.4872,2.71,20.92,40.49,Low
2.11,1.64,156,0.73,6.04,5.03,0.4326,1.82,27.35,43.14,Low
6.02,4.92,344,2.66,7.29,3.32,0.8378,2.0,27.26,58.25,Medium
0.0,0.0,10,0.0,7.04,6.06,0.0221,4.04,7.97,24.21,Low
9.99,7.31,487,2.68,8.89,1.53,1.0,0.0,19.53,84.51,High
7.45,3.14,238,2.37,6.86,5.75,0.8024,2.48,52.75,56.44,Medium
4.67,4.39,153,1.52,7.96,4.72,0.4778,0.39,36.67,42.86,Medium
3.01,1.11,120,0.1,6.99,4.08,0.3473,3.24,28.56,47.42,Low
6.84,4.53,238,0.6,7.17,5.11,0.6152,1.28,24.76,50.76,Medium
5.1,2.82,160,1.97,6.3,4.84,0.4469,0.63,3.85,57.8,Medium
6.21,1.59,231,1.33,6.53,4.15,0.6442,2.5,25.94,50.63,Medium
4.38,4.2,172,2.72,6.62,4.43,0.5664,2.2,39.94,68.39,Medium
4.61,2.26,139,1.47,7.08,4.6,0.6398,0.97,39.87,59.68,Medium
3.98,2.56,175,0.45,6.96,6.79,0.4212,0.81,35.44,45.3,Low
1.43,3.0,123,0.87,8.16,6.33,0.5805,1.86,30.83,42.95,Low
6.03,2.05,118,0.89,7.21,3.82,0.4096,0.85,42.06,41.28,Medium
7.82,3.11,286,1.32,5.4,1.78,0.8268,0.6,32.38,63.91,Medium
4.71,3.87,261,0.74,7.51,3.73,0.8247,1.94,43.82,44.9,Medium
0.0,0.0,10,0.0,4.37,10.52,0.0,1.92,11.45,0.0,Low
5.73,3.67,176,2.2,6.56,4.24,0.6604,2.23,24.47,68.44,Medium
4.49,0.14,145,1.64,6.45,3.74,0.8138,3.43,20.92,55.94,Medium
4.39,2.42,152,2.2,6.46,5.42,0.5029,1.86,19.26,66.06,Medium
3.45,0.78,132,0.26,5.71,5.09,0.4285,2.25,34.65,41.18,Low
6.86,5.34,200,3.24,7.72,4.63,0.8037,3.68,28.19,63.25,Medium
7.63,4.04,255,1.04,6.35,4.08,0.6936,0.53,24.41,60.13,Medium
3.14,1.08,92,0.0,6.9,5.69,0.1747,3.42,33.27,35.22,Low
3.55,3.1,114,0.0,8.99,4.74,0.6946,2.95,35.31,49.51,Medium
3.69,0.0,35,0.0,5.45,8.43,0.1054,3.15,34.77,38.14,Low
3.21,1.55,19,0.0,6.08,6.21,0.1824,3.71,28.23,29.6,Low
6.53,3.05,97,0.92,4.67,6.54,0.4954,2.47,19.34,35.5,Low
4.38,3.69,295,1.89,7.19,3.6,0.6368,1.16,35.07,75.45,Medium
6.2,5.02,236,0.81,7.99,4.21,0.6213,2.81,36.02,83.26,Medium
2.53,2.2,157,1.1,7.83,3.25,0.6905,2.98,23.37,69.36,Medium
6.11,2.29,217,1.28,7.42,4.08,0.5599,2.89,22.58,66.46,Medium
4.37,2.82,177,0.0,7.97,5.89,0.481,1.89,25.77,65.36,Medium
5.03,1.47,112,0.0,8.72,4.56,0.3992,1.48,47.16,58.94,Low
3.93,2.25,208,0.73,8.59,2.36,0.5681,2.06,28.03,64.08,Medium
3.57,3.74,262,2.79,6.98,1.86,0.5357,2.7,46.33,56.15,Medium
4.94,3.44,209,1.76,6.22,2.11,0.7146,2.8,29.08,65.24,Medium
4.01,2.79,311,2.48,7.27,4.11,0.7842,1.21,44.83,74.1,Medium
6.32,3.58,243,0.37,6.6,1.83,0.6057,2.1,42.57,50.68,Medium
2.22,3.39,150,2.24,7.54,4.03,0.5412,0.59,41.28,52.42,Medium
6.17,3.78,324,2.9,6.59,4.32,0.7611,2.66,39.23,77.06,Medium
1.45,3.11,161,0.0,6.93,5.66,0.6137,1.22,43.64,31.37,Low
1.85,0.0,46,0.0,7.23,5.74,0.2953,3.05,29.37,24.27,Low
5.65,2.22,203,1.27,6.84,5.53,0.5329,0.9,46.32,45.79,Medium
2.94,0.0,174,0.92,5.87,6.28,0.4075,3.25,10.08,42.36,Low
